zone_id,zone_name,source_geography,is_estimate,project_capacity_weight,allocation_share,crime_category,crime_metric,district_reported_crime_count,estimated_zone_crime_count,allocation_method
1,Mahakaleshwar Mandir,Ujjain district,TRUE,100,0.277778,"Rape (Sec 64-68,70-71 BNS/Sec.376 IPC)",Rape (Total a+b),87,24,project-capacity-weighted largest-remainder estimate
2,Ram Ghat,Ujjain district,TRUE,50,0.138889,"Rape (Sec 64-68,70-71 BNS/Sec.376 IPC)",Rape (Total a+b),87,12,project-capacity-weighted largest-remainder estimate
3,Kshipra Bridge,Ujjain district,TRUE,40,0.111111,"Rape (Sec 64-68,70-71 BNS/Sec.376 IPC)",Rape (Total a+b),87,10,project-capacity-weighted largest-remainder estimate
4,Harsiddhi Mandir,Ujjain district,TRUE,80,0.222222,"Rape (Sec 64-68,70-71 BNS/Sec.376 IPC)",Rape (Total a+b),87,19,project-capacity-weighted largest-remainder estimate
5,Bada Ganesh Mandir,Ujjain district,TRUE,30,0.083333,"Rape (Sec 64-68,70-71 BNS/Sec.376 IPC)",Rape (Total a+b),87,7,project-capacity-weighted largest-remainder estimate
6,Kal Bhairav Mandir,Ujjain district,TRUE,60,0.166667,"Rape (Sec 64-68,70-71 BNS/Sec.376 IPC)",Rape (Total a+b),87,15,project-capacity-weighted largest-remainder estimate
1,Mahakaleshwar Mandir,Ujjain district,TRUE,100,0.277778,"Rape (Sec 64-68,70-71 BNS/Sec.376 IPC)",a) Women (18 Years and Above),87,24,project-capacity-weighted largest-remainder estimate
2,Ram Ghat,Ujjain district,TRUE,50,0.138889,"Rape (Sec 64-68,70-71 BNS/Sec.376 IPC)",a) Women (18 Years and Above),87,12,project-capacity-weighted largest-remainder estimate
3,Kshipra Bridge,Ujjain district,TRUE,40,0.111111,"Rape (Sec 64-68,70-71 BNS/Sec.376 IPC)",a) Women (18 Years and Above),87,10,project-capacity-weighted largest-remainder estimate
4,Harsiddhi Mandir,Ujjain district,TRUE,80,0.222222,"Rape (Sec 64-68,70-71 BNS/Sec.376 IPC)",a) Women (18 Years and Above),87,19,project-capacity-weighted largest-remainder estimate
5,Bada Ganesh Mandir,Ujjain district,TRUE,30,0.083333,"Rape (Sec 64-68,70-71 BNS/Sec.376 IPC)",a) Women (18 Years and Above),87,7,project-capacity-weighted largest-remainder estimate
6,Kal Bhairav Mandir,Ujjain district,TRUE,60,0.166667,"Rape (Sec 64-68,70-71 BNS/Sec.376 IPC)",a) Women (18 Years and Above),87,15,project-capacity-weighted largest-remainder estimate
1,Mahakaleshwar Mandir,Ujjain district,TRUE,100,0.277778,"Rape (Sec 64-68,70-71 BNS/Sec.376 IPC)",b) Girls (Below 18 Years),0,0,project-capacity-weighted largest-remainder estimate
2,Ram Ghat,Ujjain district,TRUE,50,0.138889,"Rape (Sec 64-68,70-71 BNS/Sec.376 IPC)",b) Girls (Below 18 Years),0,0,project-capacity-weighted largest-remainder estimate
3,Kshipra Bridge,Ujjain district,TRUE,40,0.111111,"Rape (Sec 64-68,70-71 BNS/Sec.376 IPC)",b) Girls (Below 18 Years),0,0,project-capacity-weighted largest-remainder estimate
4,Harsiddhi Mandir,Ujjain district,TRUE,80,0.222222,"Rape (Sec 64-68,70-71 BNS/Sec.376 IPC)",b) Girls (Below 18 Years),0,0,project-capacity-weighted largest-remainder estimate
5,Bada Ganesh Mandir,Ujjain district,TRUE,30,0.083333,"Rape (Sec 64-68,70-71 BNS/Sec.376 IPC)",b) Girls (Below 18 Years),0,0,project-capacity-weighted largest-remainder estimate
6,Kal Bhairav Mandir,Ujjain district,TRUE,60,0.166667,"Rape (Sec 64-68,70-71 BNS/Sec.376 IPC)",b) Girls (Below 18 Years),0,0,project-capacity-weighted largest-remainder estimate
1,Mahakaleshwar Mandir,Ujjain district,TRUE,100,0.277778,Sexual Intercourse by employing deceitful means (Sec 69 BNS),Sexual Intercourse by employing deceitful means (Sec 69 BNS),3,1,project-capacity-weighted largest-remainder estimate
2,Ram Ghat,Ujjain district,TRUE,50,0.138889,Sexual Intercourse by employing deceitful means (Sec 69 BNS),Sexual Intercourse by employing deceitful means (Sec 69 BNS),3,0,project-capacity-weighted largest-remainder estimate
3,Kshipra Bridge,Ujjain district,TRUE,40,0.111111,Sexual Intercourse by employing deceitful means (Sec 69 BNS),Sexual Intercourse by employing deceitful means (Sec 69 BNS),3,0,project-capacity-weighted largest-remainder estimate
4,Harsiddhi Mandir,Ujjain district,TRUE,80,0.222222,Sexual Intercourse by employing deceitful means (Sec 69 BNS),Sexual Intercourse by employing deceitful means (Sec 69 BNS),3,1,project-capacity-weighted largest-remainder estimate
5,Bada Ganesh Mandir,Ujjain district,TRUE,30,0.083333,Sexual Intercourse by employing deceitful means (Sec 69 BNS),Sexual Intercourse by employing deceitful means (Sec 69 BNS),3,0,project-capacity-weighted largest-remainder estimate
6,Kal Bhairav Mandir,Ujjain district,TRUE,60,0.166667,Sexual Intercourse by employing deceitful means (Sec 69 BNS),Sexual Intercourse by employing deceitful means (Sec 69 BNS),3,1,project-capacity-weighted largest-remainder estimate
1,Mahakaleshwar Mandir,Ujjain district,TRUE,100,0.277778,"Murder with Rape/Gang Rape (Sec 103 r/w Sec 64-68,70-71 BNS/ Sec 302 r/w 376 IPC)","Murder with Rape/Gang Rape (Sec 103 r/w Sec 64-68,70-71 BNS/ Sec 302 r/w 376 IPC)",0,0,project-capacity-weighted largest-remainder estimate
2,Ram Ghat,Ujjain district,TRUE,50,0.138889,"Murder with Rape/Gang Rape (Sec 103 r/w Sec 64-68,70-71 BNS/ Sec 302 r/w 376 IPC)","Murder with Rape/Gang Rape (Sec 103 r/w Sec 64-68,70-71 BNS/ Sec 302 r/w 376 IPC)",0,0,project-capacity-weighted largest-remainder estimate
3,Kshipra Bridge,Ujjain district,TRUE,40,0.111111,"Murder with Rape/Gang Rape (Sec 103 r/w Sec 64-68,70-71 BNS/ Sec 302 r/w 376 IPC)","Murder with Rape/Gang Rape (Sec 103 r/w Sec 64-68,70-71 BNS/ Sec 302 r/w 376 IPC)",0,0,project-capacity-weighted largest-remainder estimate
4,Harsiddhi Mandir,Ujjain district,TRUE,80,0.222222,"Murder with Rape/Gang Rape (Sec 103 r/w Sec 64-68,70-71 BNS/ Sec 302 r/w 376 IPC)","Murder with Rape/Gang Rape (Sec 103 r/w Sec 64-68,70-71 BNS/ Sec 302 r/w 376 IPC)",0,0,project-capacity-weighted largest-remainder estimate
5,Bada Ganesh Mandir,Ujjain district,TRUE,30,0.083333,"Murder with Rape/Gang Rape (Sec 103 r/w Sec 64-68,70-71 BNS/ Sec 302 r/w 376 IPC)","Murder with Rape/Gang Rape (Sec 103 r/w Sec 64-68,70-71 BNS/ Sec 302 r/w 376 IPC)",0,0,project-capacity-weighted largest-remainder estimate
6,Kal Bhairav Mandir,Ujjain district,TRUE,60,0.166667,"Murder with Rape/Gang Rape (Sec 103 r/w Sec 64-68,70-71 BNS/ Sec 302 r/w 376 IPC)","Murder with Rape/Gang Rape (Sec 103 r/w Sec 64-68,70-71 BNS/ Sec 302 r/w 376 IPC)",0,0,project-capacity-weighted largest-remainder estimate
1,Mahakaleshwar Mandir,Ujjain district,TRUE,100,0.277778,Attempt to commit Rape (Sec 64 r/w 62 BNS/Sec.376 r/w 511 IPC),Attempt to commit Rape (Total a+b),1,1,project-capacity-weighted largest-remainder estimate
2,Ram Ghat,Ujjain district,TRUE,50,0.138889,Attempt to commit Rape (Sec 64 r/w 62 BNS/Sec.376 r/w 511 IPC),Attempt to commit Rape (Total a+b),1,0,project-capacity-weighted largest-remainder estimate
3,Kshipra Bridge,Ujjain district,TRUE,40,0.111111,Attempt to commit Rape (Sec 64 r/w 62 BNS/Sec.376 r/w 511 IPC),Attempt to commit Rape (Total a+b),1,0,project-capacity-weighted largest-remainder estimate
4,Harsiddhi Mandir,Ujjain district,TRUE,80,0.222222,Attempt to commit Rape (Sec 64 r/w 62 BNS/Sec.376 r/w 511 IPC),Attempt to commit Rape (Total a+b),1,0,project-capacity-weighted largest-remainder estimate
5,Bada Ganesh Mandir,Ujjain district,TRUE,30,0.083333,Attempt to commit Rape (Sec 64 r/w 62 BNS/Sec.376 r/w 511 IPC),Attempt to commit Rape (Total a+b),1,0,project-capacity-weighted largest-remainder estimate
6,Kal Bhairav Mandir,Ujjain district,TRUE,60,0.166667,Attempt to commit Rape (Sec 64 r/w 62 BNS/Sec.376 r/w 511 IPC),Attempt to commit Rape (Total a+b),1,0,project-capacity-weighted largest-remainder estimate
1,Mahakaleshwar Mandir,Ujjain district,TRUE,100,0.277778,Attempt to commit Rape (Sec 64 r/w 62 BNS/Sec.376 r/w 511 IPC),a) Women (18 Years and Above),1,1,project-capacity-weighted largest-remainder estimate
2,Ram Ghat,Ujjain district,TRUE,50,0.138889,Attempt to commit Rape (Sec 64 r/w 62 BNS/Sec.376 r/w 511 IPC),a) Women (18 Years and Above),1,0,project-capacity-weighted largest-remainder estimate
3,Kshipra Bridge,Ujjain district,TRUE,40,0.111111,Attempt to commit Rape (Sec 64 r/w 62 BNS/Sec.376 r/w 511 IPC),a) Women (18 Years and Above),1,0,project-capacity-weighted largest-remainder estimate
4,Harsiddhi Mandir,Ujjain district,TRUE,80,0.222222,Attempt to commit Rape (Sec 64 r/w 62 BNS/Sec.376 r/w 511 IPC),a) Women (18 Years and Above),1,0,project-capacity-weighted largest-remainder estimate
5,Bada Ganesh Mandir,Ujjain district,TRUE,30,0.083333,Attempt to commit Rape (Sec 64 r/w 62 BNS/Sec.376 r/w 511 IPC),a) Women (18 Years and Above),1,0,project-capacity-weighted largest-remainder estimate
6,Kal Bhairav Mandir,Ujjain district,TRUE,60,0.166667,Attempt to commit Rape (Sec 64 r/w 62 BNS/Sec.376 r/w 511 IPC),a) Women (18 Years and Above),1,0,project-capacity-weighted largest-remainder estimate
1,Mahakaleshwar Mandir,Ujjain district,TRUE,100,0.277778,Attempt to commit Rape (Sec 64 r/w 62 BNS/Sec.376 r/w 511 IPC),b) Girls (Below 18 Years),0,0,project-capacity-weighted largest-remainder estimate
2,Ram Ghat,Ujjain district,TRUE,50,0.138889,Attempt to commit Rape (Sec 64 r/w 62 BNS/Sec.376 r/w 511 IPC),b) Girls (Below 18 Years),0,0,project-capacity-weighted largest-remainder estimate
3,Kshipra Bridge,Ujjain district,TRUE,40,0.111111,Attempt to commit Rape (Sec 64 r/w 62 BNS/Sec.376 r/w 511 IPC),b) Girls (Below 18 Years),0,0,project-capacity-weighted largest-remainder estimate
4,Harsiddhi Mandir,Ujjain district,TRUE,80,0.222222,Attempt to commit Rape (Sec 64 r/w 62 BNS/Sec.376 r/w 511 IPC),b) Girls (Below 18 Years),0,0,project-capacity-weighted largest-remainder estimate
5,Bada Ganesh Mandir,Ujjain district,TRUE,30,0.083333,Attempt to commit Rape (Sec 64 r/w 62 BNS/Sec.376 r/w 511 IPC),b) Girls (Below 18 Years),0,0,project-capacity-weighted largest-remainder estimate
6,Kal Bhairav Mandir,Ujjain district,TRUE,60,0.166667,Attempt to commit Rape (Sec 64 r/w 62 BNS/Sec.376 r/w 511 IPC),b) Girls (Below 18 Years),0,0,project-capacity-weighted largest-remainder estimate
1,Mahakaleshwar Mandir,Ujjain district,TRUE,100,0.277778,Assault on Women with intent to outrage her Modesty (Sec 74 BNS/Sec.354 IPC),Assault on Women with intent to outrage her Modesty (Total a+b),55,15,project-capacity-weighted largest-remainder estimate
2,Ram Ghat,Ujjain district,TRUE,50,0.138889,Assault on Women with intent to outrage her Modesty (Sec 74 BNS/Sec.354 IPC),Assault on Women with intent to outrage her Modesty (Total a+b),55,8,project-capacity-weighted largest-remainder estimate
3,Kshipra Bridge,Ujjain district,TRUE,40,0.111111,Assault on Women with intent to outrage her Modesty (Sec 74 BNS/Sec.354 IPC),Assault on Women with intent to outrage her Modesty (Total a+b),55,6,project-capacity-weighted largest-remainder estimate
4,Harsiddhi Mandir,Ujjain district,TRUE,80,0.222222,Assault on Women with intent to outrage her Modesty (Sec 74 BNS/Sec.354 IPC),Assault on Women with intent to outrage her Modesty (Total a+b),55,12,project-capacity-weighted largest-remainder estimate
5,Bada Ganesh Mandir,Ujjain district,TRUE,30,0.083333,Assault on Women with intent to outrage her Modesty (Sec 74 BNS/Sec.354 IPC),Assault on Women with intent to outrage her Modesty (Total a+b),55,5,project-capacity-weighted largest-remainder estimate
6,Kal Bhairav Mandir,Ujjain district,TRUE,60,0.166667,Assault on Women with intent to outrage her Modesty (Sec 74 BNS/Sec.354 IPC),Assault on Women with intent to outrage her Modesty (Total a+b),55,9,project-capacity-weighted largest-remainder estimate
1,Mahakaleshwar Mandir,Ujjain district,TRUE,100,0.277778,Assault on Women with intent to outrage her Modesty (Sec 74 BNS/Sec.354 IPC),a) Women (18 Years and Above),55,15,project-capacity-weighted largest-remainder estimate
2,Ram Ghat,Ujjain district,TRUE,50,0.138889,Assault on Women with intent to outrage her Modesty (Sec 74 BNS/Sec.354 IPC),a) Women (18 Years and Above),55,8,project-capacity-weighted largest-remainder estimate
3,Kshipra Bridge,Ujjain district,TRUE,40,0.111111,Assault on Women with intent to outrage her Modesty (Sec 74 BNS/Sec.354 IPC),a) Women (18 Years and Above),55,6,project-capacity-weighted largest-remainder estimate
4,Harsiddhi Mandir,Ujjain district,TRUE,80,0.222222,Assault on Women with intent to outrage her Modesty (Sec 74 BNS/Sec.354 IPC),a) Women (18 Years and Above),55,12,project-capacity-weighted largest-remainder estimate
5,Bada Ganesh Mandir,Ujjain district,TRUE,30,0.083333,Assault on Women with intent to outrage her Modesty (Sec 74 BNS/Sec.354 IPC),a) Women (18 Years and Above),55,5,project-capacity-weighted largest-remainder estimate
6,Kal Bhairav Mandir,Ujjain district,TRUE,60,0.166667,Assault on Women with intent to outrage her Modesty (Sec 74 BNS/Sec.354 IPC),a) Women (18 Years and Above),55,9,project-capacity-weighted largest-remainder estimate
1,Mahakaleshwar Mandir,Ujjain district,TRUE,100,0.277778,Assault on Women with intent to outrage her Modesty (Sec 74 BNS/Sec.354 IPC),b) Girls (Below 18 Years),0,0,project-capacity-weighted largest-remainder estimate
2,Ram Ghat,Ujjain district,TRUE,50,0.138889,Assault on Women with intent to outrage her Modesty (Sec 74 BNS/Sec.354 IPC),b) Girls (Below 18 Years),0,0,project-capacity-weighted largest-remainder estimate
3,Kshipra Bridge,Ujjain district,TRUE,40,0.111111,Assault on Women with intent to outrage her Modesty (Sec 74 BNS/Sec.354 IPC),b) Girls (Below 18 Years),0,0,project-capacity-weighted largest-remainder estimate
4,Harsiddhi Mandir,Ujjain district,TRUE,80,0.222222,Assault on Women with intent to outrage her Modesty (Sec 74 BNS/Sec.354 IPC),b) Girls (Below 18 Years),0,0,project-capacity-weighted largest-remainder estimate
5,Bada Ganesh Mandir,Ujjain district,TRUE,30,0.083333,Assault on Women with intent to outrage her Modesty (Sec 74 BNS/Sec.354 IPC),b) Girls (Below 18 Years),0,0,project-capacity-weighted largest-remainder estimate
6,Kal Bhairav Mandir,Ujjain district,TRUE,60,0.166667,Assault on Women with intent to outrage her Modesty (Sec 74 BNS/Sec.354 IPC),b) Girls (Below 18 Years),0,0,project-capacity-weighted largest-remainder estimate
1,Mahakaleshwar Mandir,Ujjain district,TRUE,100,0.277778,Sexual Harassment (Sec. 75 BNS/Sec.354A IPC),Sexual Harassment (Total a+b),69,19,project-capacity-weighted largest-remainder estimate
2,Ram Ghat,Ujjain district,TRUE,50,0.138889,Sexual Harassment (Sec. 75 BNS/Sec.354A IPC),Sexual Harassment (Total a+b),69,10,project-capacity-weighted largest-remainder estimate
3,Kshipra Bridge,Ujjain district,TRUE,40,0.111111,Sexual Harassment (Sec. 75 BNS/Sec.354A IPC),Sexual Harassment (Total a+b),69,8,project-capacity-weighted largest-remainder estimate
4,Harsiddhi Mandir,Ujjain district,TRUE,80,0.222222,Sexual Harassment (Sec. 75 BNS/Sec.354A IPC),Sexual Harassment (Total a+b),69,15,project-capacity-weighted largest-remainder estimate
5,Bada Ganesh Mandir,Ujjain district,TRUE,30,0.083333,Sexual Harassment (Sec. 75 BNS/Sec.354A IPC),Sexual Harassment (Total a+b),69,6,project-capacity-weighted largest-remainder estimate
6,Kal Bhairav Mandir,Ujjain district,TRUE,60,0.166667,Sexual Harassment (Sec. 75 BNS/Sec.354A IPC),Sexual Harassment (Total a+b),69,11,project-capacity-weighted largest-remainder estimate
1,Mahakaleshwar Mandir,Ujjain district,TRUE,100,0.277778,Sexual Harassment (Sec. 75 BNS/Sec.354A IPC),a) Women (18 Years and Above),69,19,project-capacity-weighted largest-remainder estimate
2,Ram Ghat,Ujjain district,TRUE,50,0.138889,Sexual Harassment (Sec. 75 BNS/Sec.354A IPC),a) Women (18 Years and Above),69,10,project-capacity-weighted largest-remainder estimate
3,Kshipra Bridge,Ujjain district,TRUE,40,0.111111,Sexual Harassment (Sec. 75 BNS/Sec.354A IPC),a) Women (18 Years and Above),69,8,project-capacity-weighted largest-remainder estimate
4,Harsiddhi Mandir,Ujjain district,TRUE,80,0.222222,Sexual Harassment (Sec. 75 BNS/Sec.354A IPC),a) Women (18 Years and Above),69,15,project-capacity-weighted largest-remainder estimate
5,Bada Ganesh Mandir,Ujjain district,TRUE,30,0.083333,Sexual Harassment (Sec. 75 BNS/Sec.354A IPC),a) Women (18 Years and Above),69,6,project-capacity-weighted largest-remainder estimate
6,Kal Bhairav Mandir,Ujjain district,TRUE,60,0.166667,Sexual Harassment (Sec. 75 BNS/Sec.354A IPC),a) Women (18 Years and Above),69,11,project-capacity-weighted largest-remainder estimate
1,Mahakaleshwar Mandir,Ujjain district,TRUE,100,0.277778,Sexual Harassment (Sec. 75 BNS/Sec.354A IPC),b) Girls (Below 18 Years),0,0,project-capacity-weighted largest-remainder estimate
2,Ram Ghat,Ujjain district,TRUE,50,0.138889,Sexual Harassment (Sec. 75 BNS/Sec.354A IPC),b) Girls (Below 18 Years),0,0,project-capacity-weighted largest-remainder estimate
3,Kshipra Bridge,Ujjain district,TRUE,40,0.111111,Sexual Harassment (Sec. 75 BNS/Sec.354A IPC),b) Girls (Below 18 Years),0,0,project-capacity-weighted largest-remainder estimate
4,Harsiddhi Mandir,Ujjain district,TRUE,80,0.222222,Sexual Harassment (Sec. 75 BNS/Sec.354A IPC),b) Girls (Below 18 Years),0,0,project-capacity-weighted largest-remainder estimate
5,Bada Ganesh Mandir,Ujjain district,TRUE,30,0.083333,Sexual Harassment (Sec. 75 BNS/Sec.354A IPC),b) Girls (Below 18 Years),0,0,project-capacity-weighted largest-remainder estimate
6,Kal Bhairav Mandir,Ujjain district,TRUE,60,0.166667,Sexual Harassment (Sec. 75 BNS/Sec.354A IPC),b) Girls (Below 18 Years),0,0,project-capacity-weighted largest-remainder estimate
1,Mahakaleshwar Mandir,Ujjain district,TRUE,100,0.277778,Assault or Use of Criminal Force with intent to disrobe (Sec. 76 BNS/Sec. 354B IPC),Assault or Use of Criminal Force with intent to disrobe (Total a+b),4,1,project-capacity-weighted largest-remainder estimate
2,Ram Ghat,Ujjain district,TRUE,50,0.138889,Assault or Use of Criminal Force with intent to disrobe (Sec. 76 BNS/Sec. 354B IPC),Assault or Use of Criminal Force with intent to disrobe (Total a+b),4,1,project-capacity-weighted largest-remainder estimate
3,Kshipra Bridge,Ujjain district,TRUE,40,0.111111,Assault or Use of Criminal Force with intent to disrobe (Sec. 76 BNS/Sec. 354B IPC),Assault or Use of Criminal Force with intent to disrobe (Total a+b),4,0,project-capacity-weighted largest-remainder estimate
4,Harsiddhi Mandir,Ujjain district,TRUE,80,0.222222,Assault or Use of Criminal Force with intent to disrobe (Sec. 76 BNS/Sec. 354B IPC),Assault or Use of Criminal Force with intent to disrobe (Total a+b),4,1,project-capacity-weighted largest-remainder estimate
5,Bada Ganesh Mandir,Ujjain district,TRUE,30,0.083333,Assault or Use of Criminal Force with intent to disrobe (Sec. 76 BNS/Sec. 354B IPC),Assault or Use of Criminal Force with intent to disrobe (Total a+b),4,0,project-capacity-weighted largest-remainder estimate
6,Kal Bhairav Mandir,Ujjain district,TRUE,60,0.166667,Assault or Use of Criminal Force with intent to disrobe (Sec. 76 BNS/Sec. 354B IPC),Assault or Use of Criminal Force with intent to disrobe (Total a+b),4,1,project-capacity-weighted largest-remainder estimate
1,Mahakaleshwar Mandir,Ujjain district,TRUE,100,0.277778,Assault or Use of Criminal Force with intent to disrobe (Sec. 76 BNS/Sec. 354B IPC),a) Women (18 Years and Above),4,1,project-capacity-weighted largest-remainder estimate
2,Ram Ghat,Ujjain district,TRUE,50,0.138889,Assault or Use of Criminal Force with intent to disrobe (Sec. 76 BNS/Sec. 354B IPC),a) Women (18 Years and Above),4,1,project-capacity-weighted largest-remainder estimate
3,Kshipra Bridge,Ujjain district,TRUE,40,0.111111,Assault or Use of Criminal Force with intent to disrobe (Sec. 76 BNS/Sec. 354B IPC),a) Women (18 Years and Above),4,0,project-capacity-weighted largest-remainder estimate
4,Harsiddhi Mandir,Ujjain district,TRUE,80,0.222222,Assault or Use of Criminal Force with intent to disrobe (Sec. 76 BNS/Sec. 354B IPC),a) Women (18 Years and Above),4,1,project-capacity-weighted largest-remainder estimate
5,Bada Ganesh Mandir,Ujjain district,TRUE,30,0.083333,Assault or Use of Criminal Force with intent to disrobe (Sec. 76 BNS/Sec. 354B IPC),a) Women (18 Years and Above),4,0,project-capacity-weighted largest-remainder estimate
6,Kal Bhairav Mandir,Ujjain district,TRUE,60,0.166667,Assault or Use of Criminal Force with intent to disrobe (Sec. 76 BNS/Sec. 354B IPC),a) Women (18 Years and Above),4,1,project-capacity-weighted largest-remainder estimate
1,Mahakaleshwar Mandir,Ujjain district,TRUE,100,0.277778,Assault or Use of Criminal Force with intent to disrobe (Sec. 76 BNS/Sec. 354B IPC),b) Girls (Below 18 Years),0,0,project-capacity-weighted largest-remainder estimate
2,Ram Ghat,Ujjain district,TRUE,50,0.138889,Assault or Use of Criminal Force with intent to disrobe (Sec. 76 BNS/Sec. 354B IPC),b) Girls (Below 18 Years),0,0,project-capacity-weighted largest-remainder estimate
3,Kshipra Bridge,Ujjain district,TRUE,40,0.111111,Assault or Use of Criminal Force with intent to disrobe (Sec. 76 BNS/Sec. 354B IPC),b) Girls (Below 18 Years),0,0,project-capacity-weighted largest-remainder estimate
4,Harsiddhi Mandir,Ujjain district,TRUE,80,0.222222,Assault or Use of Criminal Force with intent to disrobe (Sec. 76 BNS/Sec. 354B IPC),b) Girls (Below 18 Years),0,0,project-capacity-weighted largest-remainder estimate
5,Bada Ganesh Mandir,Ujjain district,TRUE,30,0.083333,Assault or Use of Criminal Force with intent to disrobe (Sec. 76 BNS/Sec. 354B IPC),b) Girls (Below 18 Years),0,0,project-capacity-weighted largest-remainder estimate
6,Kal Bhairav Mandir,Ujjain district,TRUE,60,0.166667,Assault or Use of Criminal Force with intent to disrobe (Sec. 76 BNS/Sec. 354B IPC),b) Girls (Below 18 Years),0,0,project-capacity-weighted largest-remainder estimate
1,Mahakaleshwar Mandir,Ujjain district,TRUE,100,0.277778,Voyeurism (Sec. 77 BNS/Sec. 354C IPC),Voyeurism (Total a+b),11,3,project-capacity-weighted largest-remainder estimate
2,Ram Ghat,Ujjain district,TRUE,50,0.138889,Voyeurism (Sec. 77 BNS/Sec. 354C IPC),Voyeurism (Total a+b),11,2,project-capacity-weighted largest-remainder estimate
3,Kshipra Bridge,Ujjain district,TRUE,40,0.111111,Voyeurism (Sec. 77 BNS/Sec. 354C IPC),Voyeurism (Total a+b),11,1,project-capacity-weighted largest-remainder estimate
4,Harsiddhi Mandir,Ujjain district,TRUE,80,0.222222,Voyeurism (Sec. 77 BNS/Sec. 354C IPC),Voyeurism (Total a+b),11,2,project-capacity-weighted largest-remainder estimate
5,Bada Ganesh Mandir,Ujjain district,TRUE,30,0.083333,Voyeurism (Sec. 77 BNS/Sec. 354C IPC),Voyeurism (Total a+b),11,1,project-capacity-weighted largest-remainder estimate
6,Kal Bhairav Mandir,Ujjain district,TRUE,60,0.166667,Voyeurism (Sec. 77 BNS/Sec. 354C IPC),Voyeurism (Total a+b),11,2,project-capacity-weighted largest-remainder estimate
1,Mahakaleshwar Mandir,Ujjain district,TRUE,100,0.277778,Voyeurism (Sec. 77 BNS/Sec. 354C IPC),a) Women (18 Years and Above),11,3,project-capacity-weighted largest-remainder estimate
2,Ram Ghat,Ujjain district,TRUE,50,0.138889,Voyeurism (Sec. 77 BNS/Sec. 354C IPC),a) Women (18 Years and Above),11,2,project-capacity-weighted largest-remainder estimate
3,Kshipra Bridge,Ujjain district,TRUE,40,0.111111,Voyeurism (Sec. 77 BNS/Sec. 354C IPC),a) Women (18 Years and Above),11,1,project-capacity-weighted largest-remainder estimate
4,Harsiddhi Mandir,Ujjain district,TRUE,80,0.222222,Voyeurism (Sec. 77 BNS/Sec. 354C IPC),a) Women (18 Years and Above),11,2,project-capacity-weighted largest-remainder estimate
5,Bada Ganesh Mandir,Ujjain district,TRUE,30,0.083333,Voyeurism (Sec. 77 BNS/Sec. 354C IPC),a) Women (18 Years and Above),11,1,project-capacity-weighted largest-remainder estimate
6,Kal Bhairav Mandir,Ujjain district,TRUE,60,0.166667,Voyeurism (Sec. 77 BNS/Sec. 354C IPC),a) Women (18 Years and Above),11,2,project-capacity-weighted largest-remainder estimate
1,Mahakaleshwar Mandir,Ujjain district,TRUE,100,0.277778,Voyeurism (Sec. 77 BNS/Sec. 354C IPC),b) Girls (Below 18 Years),0,0,project-capacity-weighted largest-remainder estimate
2,Ram Ghat,Ujjain district,TRUE,50,0.138889,Voyeurism (Sec. 77 BNS/Sec. 354C IPC),b) Girls (Below 18 Years),0,0,project-capacity-weighted largest-remainder estimate
3,Kshipra Bridge,Ujjain district,TRUE,40,0.111111,Voyeurism (Sec. 77 BNS/Sec. 354C IPC),b) Girls (Below 18 Years),0,0,project-capacity-weighted largest-remainder estimate
4,Harsiddhi Mandir,Ujjain district,TRUE,80,0.222222,Voyeurism (Sec. 77 BNS/Sec. 354C IPC),b) Girls (Below 18 Years),0,0,project-capacity-weighted largest-remainder estimate
5,Bada Ganesh Mandir,Ujjain district,TRUE,30,0.083333,Voyeurism (Sec. 77 BNS/Sec. 354C IPC),b) Girls (Below 18 Years),0,0,project-capacity-weighted largest-remainder estimate
6,Kal Bhairav Mandir,Ujjain district,TRUE,60,0.166667,Voyeurism (Sec. 77 BNS/Sec. 354C IPC),b) Girls (Below 18 Years),0,0,project-capacity-weighted largest-remainder estimate
1,Mahakaleshwar Mandir,Ujjain district,TRUE,100,0.277778,Stalking (Sec. 78 BNS/Sec. 354D IPC),Stalking (Total a+b),39,11,project-capacity-weighted largest-remainder estimate
2,Ram Ghat,Ujjain district,TRUE,50,0.138889,Stalking (Sec. 78 BNS/Sec. 354D IPC),Stalking (Total a+b),39,5,project-capacity-weighted largest-remainder estimate
3,Kshipra Bridge,Ujjain district,TRUE,40,0.111111,Stalking (Sec. 78 BNS/Sec. 354D IPC),Stalking (Total a+b),39,4,project-capacity-weighted largest-remainder estimate
4,Harsiddhi Mandir,Ujjain district,TRUE,80,0.222222,Stalking (Sec. 78 BNS/Sec. 354D IPC),Stalking (Total a+b),39,9,project-capacity-weighted largest-remainder estimate
5,Bada Ganesh Mandir,Ujjain district,TRUE,30,0.083333,Stalking (Sec. 78 BNS/Sec. 354D IPC),Stalking (Total a+b),39,3,project-capacity-weighted largest-remainder estimate
6,Kal Bhairav Mandir,Ujjain district,TRUE,60,0.166667,Stalking (Sec. 78 BNS/Sec. 354D IPC),Stalking (Total a+b),39,7,project-capacity-weighted largest-remainder estimate
1,Mahakaleshwar Mandir,Ujjain district,TRUE,100,0.277778,Stalking (Sec. 78 BNS/Sec. 354D IPC),a) Women (18 Years and Above),18,5,project-capacity-weighted largest-remainder estimate
2,Ram Ghat,Ujjain district,TRUE,50,0.138889,Stalking (Sec. 78 BNS/Sec. 354D IPC),a) Women (18 Years and Above),18,3,project-capacity-weighted largest-remainder estimate
3,Kshipra Bridge,Ujjain district,TRUE,40,0.111111,Stalking (Sec. 78 BNS/Sec. 354D IPC),a) Women (18 Years and Above),18,2,project-capacity-weighted largest-remainder estimate
4,Harsiddhi Mandir,Ujjain district,TRUE,80,0.222222,Stalking (Sec. 78 BNS/Sec. 354D IPC),a) Women (18 Years and Above),18,4,project-capacity-weighted largest-remainder estimate
5,Bada Ganesh Mandir,Ujjain district,TRUE,30,0.083333,Stalking (Sec. 78 BNS/Sec. 354D IPC),a) Women (18 Years and Above),18,1,project-capacity-weighted largest-remainder estimate
6,Kal Bhairav Mandir,Ujjain district,TRUE,60,0.166667,Stalking (Sec. 78 BNS/Sec. 354D IPC),a) Women (18 Years and Above),18,3,project-capacity-weighted largest-remainder estimate
1,Mahakaleshwar Mandir,Ujjain district,TRUE,100,0.277778,Stalking (Sec. 78 BNS/Sec. 354D IPC),b) Girls (Below 18 Years),1,1,project-capacity-weighted largest-remainder estimate
2,Ram Ghat,Ujjain district,TRUE,50,0.138889,Stalking (Sec. 78 BNS/Sec. 354D IPC),b) Girls (Below 18 Years),1,0,project-capacity-weighted largest-remainder estimate
3,Kshipra Bridge,Ujjain district,TRUE,40,0.111111,Stalking (Sec. 78 BNS/Sec. 354D IPC),b) Girls (Below 18 Years),1,0,project-capacity-weighted largest-remainder estimate
4,Harsiddhi Mandir,Ujjain district,TRUE,80,0.222222,Stalking (Sec. 78 BNS/Sec. 354D IPC),b) Girls (Below 18 Years),1,0,project-capacity-weighted largest-remainder estimate
5,Bada Ganesh Mandir,Ujjain district,TRUE,30,0.083333,Stalking (Sec. 78 BNS/Sec. 354D IPC),b) Girls (Below 18 Years),1,0,project-capacity-weighted largest-remainder estimate
6,Kal Bhairav Mandir,Ujjain district,TRUE,60,0.166667,Stalking (Sec. 78 BNS/Sec. 354D IPC),b) Girls (Below 18 Years),1,0,project-capacity-weighted largest-remainder estimate
1,Mahakaleshwar Mandir,Ujjain district,TRUE,100,0.277778,Insult to the Modesty of Women (Sec 79 BNS/Sec 509 IPC),Insult to the Modesty of Women (Total a+b),11,3,project-capacity-weighted largest-remainder estimate
2,Ram Ghat,Ujjain district,TRUE,50,0.138889,Insult to the Modesty of Women (Sec 79 BNS/Sec 509 IPC),Insult to the Modesty of Women (Total a+b),11,2,project-capacity-weighted largest-remainder estimate
3,Kshipra Bridge,Ujjain district,TRUE,40,0.111111,Insult to the Modesty of Women (Sec 79 BNS/Sec 509 IPC),Insult to the Modesty of Women (Total a+b),11,1,project-capacity-weighted largest-remainder estimate
4,Harsiddhi Mandir,Ujjain district,TRUE,80,0.222222,Insult to the Modesty of Women (Sec 79 BNS/Sec 509 IPC),Insult to the Modesty of Women (Total a+b),11,2,project-capacity-weighted largest-remainder estimate
5,Bada Ganesh Mandir,Ujjain district,TRUE,30,0.083333,Insult to the Modesty of Women (Sec 79 BNS/Sec 509 IPC),Insult to the Modesty of Women (Total a+b),11,1,project-capacity-weighted largest-remainder estimate
6,Kal Bhairav Mandir,Ujjain district,TRUE,60,0.166667,Insult to the Modesty of Women (Sec 79 BNS/Sec 509 IPC),Insult to the Modesty of Women (Total a+b),11,2,project-capacity-weighted largest-remainder estimate
1,Mahakaleshwar Mandir,Ujjain district,TRUE,100,0.277778,Insult to the Modesty of Women (Sec 79 BNS/Sec 509 IPC),a) Women (18 Years and Above),11,3,project-capacity-weighted largest-remainder estimate
2,Ram Ghat,Ujjain district,TRUE,50,0.138889,Insult to the Modesty of Women (Sec 79 BNS/Sec 509 IPC),a) Women (18 Years and Above),11,2,project-capacity-weighted largest-remainder estimate
3,Kshipra Bridge,Ujjain district,TRUE,40,0.111111,Insult to the Modesty of Women (Sec 79 BNS/Sec 509 IPC),a) Women (18 Years and Above),11,1,project-capacity-weighted largest-remainder estimate
4,Harsiddhi Mandir,Ujjain district,TRUE,80,0.222222,Insult to the Modesty of Women (Sec 79 BNS/Sec 509 IPC),a) Women (18 Years and Above),11,2,project-capacity-weighted largest-remainder estimate
5,Bada Ganesh Mandir,Ujjain district,TRUE,30,0.083333,Insult to the Modesty of Women (Sec 79 BNS/Sec 509 IPC),a) Women (18 Years and Above),11,1,project-capacity-weighted largest-remainder estimate
6,Kal Bhairav Mandir,Ujjain district,TRUE,60,0.166667,Insult to the Modesty of Women (Sec 79 BNS/Sec 509 IPC),a) Women (18 Years and Above),11,2,project-capacity-weighted largest-remainder estimate
1,Mahakaleshwar Mandir,Ujjain district,TRUE,100,0.277778,Insult to the Modesty of Women (Sec 79 BNS/Sec 509 IPC),b) Girls (Below 18 Years),0,0,project-capacity-weighted largest-remainder estimate
2,Ram Ghat,Ujjain district,TRUE,50,0.138889,Insult to the Modesty of Women (Sec 79 BNS/Sec 509 IPC),b) Girls (Below 18 Years),0,0,project-capacity-weighted largest-remainder estimate
3,Kshipra Bridge,Ujjain district,TRUE,40,0.111111,Insult to the Modesty of Women (Sec 79 BNS/Sec 509 IPC),b) Girls (Below 18 Years),0,0,project-capacity-weighted largest-remainder estimate
4,Harsiddhi Mandir,Ujjain district,TRUE,80,0.222222,Insult to the Modesty of Women (Sec 79 BNS/Sec 509 IPC),b) Girls (Below 18 Years),0,0,project-capacity-weighted largest-remainder estimate
5,Bada Ganesh Mandir,Ujjain district,TRUE,30,0.083333,Insult to the Modesty of Women (Sec 79 BNS/Sec 509 IPC),b) Girls (Below 18 Years),0,0,project-capacity-weighted largest-remainder estimate
6,Kal Bhairav Mandir,Ujjain district,TRUE,60,0.166667,Insult to the Modesty of Women (Sec 79 BNS/Sec 509 IPC),b) Girls (Below 18 Years),0,0,project-capacity-weighted largest-remainder estimate
1,Mahakaleshwar Mandir,Ujjain district,TRUE,100,0.277778,Dowry Deaths (Sec 80 BNS /Sec 304B IPC),Dowry Deaths (Sec 80 BNS /Sec 304B IPC),13,4,project-capacity-weighted largest-remainder estimate
2,Ram Ghat,Ujjain district,TRUE,50,0.138889,Dowry Deaths (Sec 80 BNS /Sec 304B IPC),Dowry Deaths (Sec 80 BNS /Sec 304B IPC),13,2,project-capacity-weighted largest-remainder estimate
3,Kshipra Bridge,Ujjain district,TRUE,40,0.111111,Dowry Deaths (Sec 80 BNS /Sec 304B IPC),Dowry Deaths (Sec 80 BNS /Sec 304B IPC),13,1,project-capacity-weighted largest-remainder estimate
4,Harsiddhi Mandir,Ujjain district,TRUE,80,0.222222,Dowry Deaths (Sec 80 BNS /Sec 304B IPC),Dowry Deaths (Sec 80 BNS /Sec 304B IPC),13,3,project-capacity-weighted largest-remainder estimate
5,Bada Ganesh Mandir,Ujjain district,TRUE,30,0.083333,Dowry Deaths (Sec 80 BNS /Sec 304B IPC),Dowry Deaths (Sec 80 BNS /Sec 304B IPC),13,1,project-capacity-weighted largest-remainder estimate
6,Kal Bhairav Mandir,Ujjain district,TRUE,60,0.166667,Dowry Deaths (Sec 80 BNS /Sec 304B IPC),Dowry Deaths (Sec 80 BNS /Sec 304B IPC),13,2,project-capacity-weighted largest-remainder estimate
1,Mahakaleshwar Mandir,Ujjain district,TRUE,100,0.277778,Cruelty by Husband or his relatives (Sec 85 BNS/Sec 498-A IPC),Cruelty by Husband or his relatives (Sec 85 BNS/Sec 498-A IPC),218,61,project-capacity-weighted largest-remainder estimate
2,Ram Ghat,Ujjain district,TRUE,50,0.138889,Cruelty by Husband or his relatives (Sec 85 BNS/Sec 498-A IPC),Cruelty by Husband or his relatives (Sec 85 BNS/Sec 498-A IPC),218,30,project-capacity-weighted largest-remainder estimate
3,Kshipra Bridge,Ujjain district,TRUE,40,0.111111,Cruelty by Husband or his relatives (Sec 85 BNS/Sec 498-A IPC),Cruelty by Husband or his relatives (Sec 85 BNS/Sec 498-A IPC),218,24,project-capacity-weighted largest-remainder estimate
4,Harsiddhi Mandir,Ujjain district,TRUE,80,0.222222,Cruelty by Husband or his relatives (Sec 85 BNS/Sec 498-A IPC),Cruelty by Husband or his relatives (Sec 85 BNS/Sec 498-A IPC),218,49,project-capacity-weighted largest-remainder estimate
5,Bada Ganesh Mandir,Ujjain district,TRUE,30,0.083333,Cruelty by Husband or his relatives (Sec 85 BNS/Sec 498-A IPC),Cruelty by Husband or his relatives (Sec 85 BNS/Sec 498-A IPC),218,18,project-capacity-weighted largest-remainder estimate
6,Kal Bhairav Mandir,Ujjain district,TRUE,60,0.166667,Cruelty by Husband or his relatives (Sec 85 BNS/Sec 498-A IPC),Cruelty by Husband or his relatives (Sec 85 BNS/Sec 498-A IPC),218,36,project-capacity-weighted largest-remainder estimate
1,Mahakaleshwar Mandir,Ujjain district,TRUE,100,0.277778,Kidnapping or abducting or inducing Women to compel her for marriage (Sec. 87 BNS/Sec. 366 IPC),Kidnapping or abducting or inducing Women to compel her for marriage (Total a+b),10,3,project-capacity-weighted largest-remainder estimate
2,Ram Ghat,Ujjain district,TRUE,50,0.138889,Kidnapping or abducting or inducing Women to compel her for marriage (Sec. 87 BNS/Sec. 366 IPC),Kidnapping or abducting or inducing Women to compel her for marriage (Total a+b),10,1,project-capacity-weighted largest-remainder estimate
3,Kshipra Bridge,Ujjain district,TRUE,40,0.111111,Kidnapping or abducting or inducing Women to compel her for marriage (Sec. 87 BNS/Sec. 366 IPC),Kidnapping or abducting or inducing Women to compel her for marriage (Total a+b),10,1,project-capacity-weighted largest-remainder estimate
4,Harsiddhi Mandir,Ujjain district,TRUE,80,0.222222,Kidnapping or abducting or inducing Women to compel her for marriage (Sec. 87 BNS/Sec. 366 IPC),Kidnapping or abducting or inducing Women to compel her for marriage (Total a+b),10,2,project-capacity-weighted largest-remainder estimate
5,Bada Ganesh Mandir,Ujjain district,TRUE,30,0.083333,Kidnapping or abducting or inducing Women to compel her for marriage (Sec. 87 BNS/Sec. 366 IPC),Kidnapping or abducting or inducing Women to compel her for marriage (Total a+b),10,1,project-capacity-weighted largest-remainder estimate
6,Kal Bhairav Mandir,Ujjain district,TRUE,60,0.166667,Kidnapping or abducting or inducing Women to compel her for marriage (Sec. 87 BNS/Sec. 366 IPC),Kidnapping or abducting or inducing Women to compel her for marriage (Total a+b),10,2,project-capacity-weighted largest-remainder estimate
1,Mahakaleshwar Mandir,Ujjain district,TRUE,100,0.277778,Kidnapping or abducting or inducing Women to compel her for marriage (Sec. 87 BNS/Sec. 366 IPC),a) Women (18 Years and Above),6,2,project-capacity-weighted largest-remainder estimate
2,Ram Ghat,Ujjain district,TRUE,50,0.138889,Kidnapping or abducting or inducing Women to compel her for marriage (Sec. 87 BNS/Sec. 366 IPC),a) Women (18 Years and Above),6,1,project-capacity-weighted largest-remainder estimate
3,Kshipra Bridge,Ujjain district,TRUE,40,0.111111,Kidnapping or abducting or inducing Women to compel her for marriage (Sec. 87 BNS/Sec. 366 IPC),a) Women (18 Years and Above),6,1,project-capacity-weighted largest-remainder estimate
4,Harsiddhi Mandir,Ujjain district,TRUE,80,0.222222,Kidnapping or abducting or inducing Women to compel her for marriage (Sec. 87 BNS/Sec. 366 IPC),a) Women (18 Years and Above),6,1,project-capacity-weighted largest-remainder estimate
5,Bada Ganesh Mandir,Ujjain district,TRUE,30,0.083333,Kidnapping or abducting or inducing Women to compel her for marriage (Sec. 87 BNS/Sec. 366 IPC),a) Women (18 Years and Above),6,0,project-capacity-weighted largest-remainder estimate
6,Kal Bhairav Mandir,Ujjain district,TRUE,60,0.166667,Kidnapping or abducting or inducing Women to compel her for marriage (Sec. 87 BNS/Sec. 366 IPC),a) Women (18 Years and Above),6,1,project-capacity-weighted largest-remainder estimate
1,Mahakaleshwar Mandir,Ujjain district,TRUE,100,0.277778,Kidnapping or abducting or inducing Women to compel her for marriage (Sec. 87 BNS/Sec. 366 IPC),b) Girls (Below 18 Years,4,1,project-capacity-weighted largest-remainder estimate
2,Ram Ghat,Ujjain district,TRUE,50,0.138889,Kidnapping or abducting or inducing Women to compel her for marriage (Sec. 87 BNS/Sec. 366 IPC),b) Girls (Below 18 Years,4,1,project-capacity-weighted largest-remainder estimate
3,Kshipra Bridge,Ujjain district,TRUE,40,0.111111,Kidnapping or abducting or inducing Women to compel her for marriage (Sec. 87 BNS/Sec. 366 IPC),b) Girls (Below 18 Years,4,0,project-capacity-weighted largest-remainder estimate
4,Harsiddhi Mandir,Ujjain district,TRUE,80,0.222222,Kidnapping or abducting or inducing Women to compel her for marriage (Sec. 87 BNS/Sec. 366 IPC),b) Girls (Below 18 Years,4,1,project-capacity-weighted largest-remainder estimate
5,Bada Ganesh Mandir,Ujjain district,TRUE,30,0.083333,Kidnapping or abducting or inducing Women to compel her for marriage (Sec. 87 BNS/Sec. 366 IPC),b) Girls (Below 18 Years,4,0,project-capacity-weighted largest-remainder estimate
6,Kal Bhairav Mandir,Ujjain district,TRUE,60,0.166667,Kidnapping or abducting or inducing Women to compel her for marriage (Sec. 87 BNS/Sec. 366 IPC),b) Girls (Below 18 Years,4,1,project-capacity-weighted largest-remainder estimate
1,Mahakaleshwar Mandir,Ujjain district,TRUE,100,0.277778,Miscarriage (Sec 88 to 90 BNS/Sec 313 and 314 IPC),Miscarriage (Sec 88 to 90 BNS/Sec 313 and 314 IPC),0,0,project-capacity-weighted largest-remainder estimate
2,Ram Ghat,Ujjain district,TRUE,50,0.138889,Miscarriage (Sec 88 to 90 BNS/Sec 313 and 314 IPC),Miscarriage (Sec 88 to 90 BNS/Sec 313 and 314 IPC),0,0,project-capacity-weighted largest-remainder estimate
3,Kshipra Bridge,Ujjain district,TRUE,40,0.111111,Miscarriage (Sec 88 to 90 BNS/Sec 313 and 314 IPC),Miscarriage (Sec 88 to 90 BNS/Sec 313 and 314 IPC),0,0,project-capacity-weighted largest-remainder estimate
4,Harsiddhi Mandir,Ujjain district,TRUE,80,0.222222,Miscarriage (Sec 88 to 90 BNS/Sec 313 and 314 IPC),Miscarriage (Sec 88 to 90 BNS/Sec 313 and 314 IPC),0,0,project-capacity-weighted largest-remainder estimate
5,Bada Ganesh Mandir,Ujjain district,TRUE,30,0.083333,Miscarriage (Sec 88 to 90 BNS/Sec 313 and 314 IPC),Miscarriage (Sec 88 to 90 BNS/Sec 313 and 314 IPC),0,0,project-capacity-weighted largest-remainder estimate
6,Kal Bhairav Mandir,Ujjain district,TRUE,60,0.166667,Miscarriage (Sec 88 to 90 BNS/Sec 313 and 314 IPC),Miscarriage (Sec 88 to 90 BNS/Sec 313 and 314 IPC),0,0,project-capacity-weighted largest-remainder estimate
1,Mahakaleshwar Mandir,Ujjain district,TRUE,100,0.277778,Procuration of Minor Girls (Sec 96 BNS//Sec 366A IPC),Procuration of Minor Girls (Sec 96 BNS//Sec 366A IPC),0,0,project-capacity-weighted largest-remainder estimate
2,Ram Ghat,Ujjain district,TRUE,50,0.138889,Procuration of Minor Girls (Sec 96 BNS//Sec 366A IPC),Procuration of Minor Girls (Sec 96 BNS//Sec 366A IPC),0,0,project-capacity-weighted largest-remainder estimate
3,Kshipra Bridge,Ujjain district,TRUE,40,0.111111,Procuration of Minor Girls (Sec 96 BNS//Sec 366A IPC),Procuration of Minor Girls (Sec 96 BNS//Sec 366A IPC),0,0,project-capacity-weighted largest-remainder estimate
4,Harsiddhi Mandir,Ujjain district,TRUE,80,0.222222,Procuration of Minor Girls (Sec 96 BNS//Sec 366A IPC),Procuration of Minor Girls (Sec 96 BNS//Sec 366A IPC),0,0,project-capacity-weighted largest-remainder estimate
5,Bada Ganesh Mandir,Ujjain district,TRUE,30,0.083333,Procuration of Minor Girls (Sec 96 BNS//Sec 366A IPC),Procuration of Minor Girls (Sec 96 BNS//Sec 366A IPC),0,0,project-capacity-weighted largest-remainder estimate
6,Kal Bhairav Mandir,Ujjain district,TRUE,60,0.166667,Procuration of Minor Girls (Sec 96 BNS//Sec 366A IPC),Procuration of Minor Girls (Sec 96 BNS//Sec 366A IPC),0,0,project-capacity-weighted largest-remainder estimate
1,Mahakaleshwar Mandir,Ujjain district,TRUE,100,0.277778,Selling of Girls for Prostitution (Sec 98 BNS/Sec 372 IPC),Selling of Girls for Prostitution (Sec 98 BNS/Sec 372 IPC),0,0,project-capacity-weighted largest-remainder estimate
2,Ram Ghat,Ujjain district,TRUE,50,0.138889,Selling of Girls for Prostitution (Sec 98 BNS/Sec 372 IPC),Selling of Girls for Prostitution (Sec 98 BNS/Sec 372 IPC),0,0,project-capacity-weighted largest-remainder estimate
3,Kshipra Bridge,Ujjain district,TRUE,40,0.111111,Selling of Girls for Prostitution (Sec 98 BNS/Sec 372 IPC),Selling of Girls for Prostitution (Sec 98 BNS/Sec 372 IPC),0,0,project-capacity-weighted largest-remainder estimate
4,Harsiddhi Mandir,Ujjain district,TRUE,80,0.222222,Selling of Girls for Prostitution (Sec 98 BNS/Sec 372 IPC),Selling of Girls for Prostitution (Sec 98 BNS/Sec 372 IPC),0,0,project-capacity-weighted largest-remainder estimate
5,Bada Ganesh Mandir,Ujjain district,TRUE,30,0.083333,Selling of Girls for Prostitution (Sec 98 BNS/Sec 372 IPC),Selling of Girls for Prostitution (Sec 98 BNS/Sec 372 IPC),0,0,project-capacity-weighted largest-remainder estimate
6,Kal Bhairav Mandir,Ujjain district,TRUE,60,0.166667,Selling of Girls for Prostitution (Sec 98 BNS/Sec 372 IPC),Selling of Girls for Prostitution (Sec 98 BNS/Sec 372 IPC),0,0,project-capacity-weighted largest-remainder estimate
1,Mahakaleshwar Mandir,Ujjain district,TRUE,100,0.277778,Buying of Girls for Prostitution (Sec 99 BNS/Sec 373 IPC),Buying of Girls for Prostitution (Sec 99 BNS/Sec 373 IPC),0,0,project-capacity-weighted largest-remainder estimate
2,Ram Ghat,Ujjain district,TRUE,50,0.138889,Buying of Girls for Prostitution (Sec 99 BNS/Sec 373 IPC),Buying of Girls for Prostitution (Sec 99 BNS/Sec 373 IPC),0,0,project-capacity-weighted largest-remainder estimate
3,Kshipra Bridge,Ujjain district,TRUE,40,0.111111,Buying of Girls for Prostitution (Sec 99 BNS/Sec 373 IPC),Buying of Girls for Prostitution (Sec 99 BNS/Sec 373 IPC),0,0,project-capacity-weighted largest-remainder estimate
4,Harsiddhi Mandir,Ujjain district,TRUE,80,0.222222,Buying of Girls for Prostitution (Sec 99 BNS/Sec 373 IPC),Buying of Girls for Prostitution (Sec 99 BNS/Sec 373 IPC),0,0,project-capacity-weighted largest-remainder estimate
5,Bada Ganesh Mandir,Ujjain district,TRUE,30,0.083333,Buying of Girls for Prostitution (Sec 99 BNS/Sec 373 IPC),Buying of Girls for Prostitution (Sec 99 BNS/Sec 373 IPC),0,0,project-capacity-weighted largest-remainder estimate
6,Kal Bhairav Mandir,Ujjain district,TRUE,60,0.166667,Buying of Girls for Prostitution (Sec 99 BNS/Sec 373 IPC),Buying of Girls for Prostitution (Sec 99 BNS/Sec 373 IPC),0,0,project-capacity-weighted largest-remainder estimate
1,Mahakaleshwar Mandir,Ujjain district,TRUE,100,0.277778,Abetment to suicides of women (u/s 107/108 BNS/Sec 305/306 IPC),Abetment to suicides of women (u/s 107/108 BNS/Sec 305/306 IPC),10,3,project-capacity-weighted largest-remainder estimate
2,Ram Ghat,Ujjain district,TRUE,50,0.138889,Abetment to suicides of women (u/s 107/108 BNS/Sec 305/306 IPC),Abetment to suicides of women (u/s 107/108 BNS/Sec 305/306 IPC),10,1,project-capacity-weighted largest-remainder estimate
3,Kshipra Bridge,Ujjain district,TRUE,40,0.111111,Abetment to suicides of women (u/s 107/108 BNS/Sec 305/306 IPC),Abetment to suicides of women (u/s 107/108 BNS/Sec 305/306 IPC),10,1,project-capacity-weighted largest-remainder estimate
4,Harsiddhi Mandir,Ujjain district,TRUE,80,0.222222,Abetment to suicides of women (u/s 107/108 BNS/Sec 305/306 IPC),Abetment to suicides of women (u/s 107/108 BNS/Sec 305/306 IPC),10,2,project-capacity-weighted largest-remainder estimate
5,Bada Ganesh Mandir,Ujjain district,TRUE,30,0.083333,Abetment to suicides of women (u/s 107/108 BNS/Sec 305/306 IPC),Abetment to suicides of women (u/s 107/108 BNS/Sec 305/306 IPC),10,1,project-capacity-weighted largest-remainder estimate
6,Kal Bhairav Mandir,Ujjain district,TRUE,60,0.166667,Abetment to suicides of women (u/s 107/108 BNS/Sec 305/306 IPC),Abetment to suicides of women (u/s 107/108 BNS/Sec 305/306 IPC),10,2,project-capacity-weighted largest-remainder estimate
1,Mahakaleshwar Mandir,Ujjain district,TRUE,100,0.277778,Acid Attack (Sec 124(1) BNS/Sec 326A IPC),Acid Attack (Sec 124(1) BNS/Sec 326A IPC),0,0,project-capacity-weighted largest-remainder estimate
2,Ram Ghat,Ujjain district,TRUE,50,0.138889,Acid Attack (Sec 124(1) BNS/Sec 326A IPC),Acid Attack (Sec 124(1) BNS/Sec 326A IPC),0,0,project-capacity-weighted largest-remainder estimate
3,Kshipra Bridge,Ujjain district,TRUE,40,0.111111,Acid Attack (Sec 124(1) BNS/Sec 326A IPC),Acid Attack (Sec 124(1) BNS/Sec 326A IPC),0,0,project-capacity-weighted largest-remainder estimate
4,Harsiddhi Mandir,Ujjain district,TRUE,80,0.222222,Acid Attack (Sec 124(1) BNS/Sec 326A IPC),Acid Attack (Sec 124(1) BNS/Sec 326A IPC),0,0,project-capacity-weighted largest-remainder estimate
5,Bada Ganesh Mandir,Ujjain district,TRUE,30,0.083333,Acid Attack (Sec 124(1) BNS/Sec 326A IPC),Acid Attack (Sec 124(1) BNS/Sec 326A IPC),0,0,project-capacity-weighted largest-remainder estimate
6,Kal Bhairav Mandir,Ujjain district,TRUE,60,0.166667,Acid Attack (Sec 124(1) BNS/Sec 326A IPC),Acid Attack (Sec 124(1) BNS/Sec 326A IPC),0,0,project-capacity-weighted largest-remainder estimate
1,Mahakaleshwar Mandir,Ujjain district,TRUE,100,0.277778,Attempt to Acid Attack (Sec 124(2) BNS/Sec 326B IPC),Attempt to Acid Attack (Sec 124(2) BNS/Sec 326B IPC),0,0,project-capacity-weighted largest-remainder estimate
2,Ram Ghat,Ujjain district,TRUE,50,0.138889,Attempt to Acid Attack (Sec 124(2) BNS/Sec 326B IPC),Attempt to Acid Attack (Sec 124(2) BNS/Sec 326B IPC),0,0,project-capacity-weighted largest-remainder estimate
3,Kshipra Bridge,Ujjain district,TRUE,40,0.111111,Attempt to Acid Attack (Sec 124(2) BNS/Sec 326B IPC),Attempt to Acid Attack (Sec 124(2) BNS/Sec 326B IPC),0,0,project-capacity-weighted largest-remainder estimate
4,Harsiddhi Mandir,Ujjain district,TRUE,80,0.222222,Attempt to Acid Attack (Sec 124(2) BNS/Sec 326B IPC),Attempt to Acid Attack (Sec 124(2) BNS/Sec 326B IPC),0,0,project-capacity-weighted largest-remainder estimate
5,Bada Ganesh Mandir,Ujjain district,TRUE,30,0.083333,Attempt to Acid Attack (Sec 124(2) BNS/Sec 326B IPC),Attempt to Acid Attack (Sec 124(2) BNS/Sec 326B IPC),0,0,project-capacity-weighted largest-remainder estimate
6,Kal Bhairav Mandir,Ujjain district,TRUE,60,0.166667,Attempt to Acid Attack (Sec 124(2) BNS/Sec 326B IPC),Attempt to Acid Attack (Sec 124(2) BNS/Sec 326B IPC),0,0,project-capacity-weighted largest-remainder estimate
1,Mahakaleshwar Mandir,Ujjain district,TRUE,100,0.277778,Kidnapping & Abduction of Women,Kidnapping & Abduction of Women (Total a+b+c+d+e),217,61,project-capacity-weighted largest-remainder estimate
2,Ram Ghat,Ujjain district,TRUE,50,0.138889,Kidnapping & Abduction of Women,Kidnapping & Abduction of Women (Total a+b+c+d+e),217,30,project-capacity-weighted largest-remainder estimate
3,Kshipra Bridge,Ujjain district,TRUE,40,0.111111,Kidnapping & Abduction of Women,Kidnapping & Abduction of Women (Total a+b+c+d+e),217,24,project-capacity-weighted largest-remainder estimate
4,Harsiddhi Mandir,Ujjain district,TRUE,80,0.222222,Kidnapping & Abduction of Women,Kidnapping & Abduction of Women (Total a+b+c+d+e),217,48,project-capacity-weighted largest-remainder estimate
5,Bada Ganesh Mandir,Ujjain district,TRUE,30,0.083333,Kidnapping & Abduction of Women,Kidnapping & Abduction of Women (Total a+b+c+d+e),217,18,project-capacity-weighted largest-remainder estimate
6,Kal Bhairav Mandir,Ujjain district,TRUE,60,0.166667,Kidnapping & Abduction of Women,Kidnapping & Abduction of Women (Total a+b+c+d+e),217,36,project-capacity-weighted largest-remainder estimate
1,Mahakaleshwar Mandir,Ujjain district,TRUE,100,0.277778,Kidnapping & Abduction of Women,a) K & A (Sec.137 & 138 BNS/Sec. 363 IPC),216,60,project-capacity-weighted largest-remainder estimate
2,Ram Ghat,Ujjain district,TRUE,50,0.138889,Kidnapping & Abduction of Women,a) K & A (Sec.137 & 138 BNS/Sec. 363 IPC),216,30,project-capacity-weighted largest-remainder estimate
3,Kshipra Bridge,Ujjain district,TRUE,40,0.111111,Kidnapping & Abduction of Women,a) K & A (Sec.137 & 138 BNS/Sec. 363 IPC),216,24,project-capacity-weighted largest-remainder estimate
4,Harsiddhi Mandir,Ujjain district,TRUE,80,0.222222,Kidnapping & Abduction of Women,a) K & A (Sec.137 & 138 BNS/Sec. 363 IPC),216,48,project-capacity-weighted largest-remainder estimate
5,Bada Ganesh Mandir,Ujjain district,TRUE,30,0.083333,Kidnapping & Abduction of Women,a) K & A (Sec.137 & 138 BNS/Sec. 363 IPC),216,18,project-capacity-weighted largest-remainder estimate
6,Kal Bhairav Mandir,Ujjain district,TRUE,60,0.166667,Kidnapping & Abduction of Women,a) K & A (Sec.137 & 138 BNS/Sec. 363 IPC),216,36,project-capacity-weighted largest-remainder estimate
1,Mahakaleshwar Mandir,Ujjain district,TRUE,100,0.277778,Kidnapping & Abduction of Women,b) K & A in order to Murder (Sec.140(1) BNS/Sec. 364 IPC),0,0,project-capacity-weighted largest-remainder estimate
2,Ram Ghat,Ujjain district,TRUE,50,0.138889,Kidnapping & Abduction of Women,b) K & A in order to Murder (Sec.140(1) BNS/Sec. 364 IPC),0,0,project-capacity-weighted largest-remainder estimate
3,Kshipra Bridge,Ujjain district,TRUE,40,0.111111,Kidnapping & Abduction of Women,b) K & A in order to Murder (Sec.140(1) BNS/Sec. 364 IPC),0,0,project-capacity-weighted largest-remainder estimate
4,Harsiddhi Mandir,Ujjain district,TRUE,80,0.222222,Kidnapping & Abduction of Women,b) K & A in order to Murder (Sec.140(1) BNS/Sec. 364 IPC),0,0,project-capacity-weighted largest-remainder estimate
5,Bada Ganesh Mandir,Ujjain district,TRUE,30,0.083333,Kidnapping & Abduction of Women,b) K & A in order to Murder (Sec.140(1) BNS/Sec. 364 IPC),0,0,project-capacity-weighted largest-remainder estimate
6,Kal Bhairav Mandir,Ujjain district,TRUE,60,0.166667,Kidnapping & Abduction of Women,b) K & A in order to Murder (Sec.140(1) BNS/Sec. 364 IPC),0,0,project-capacity-weighted largest-remainder estimate
1,Mahakaleshwar Mandir,Ujjain district,TRUE,100,0.277778,Kidnapping & Abduction of Women,c) Kidnapping for Ransom (Sec. 140(2) BNS/Sec. 364A IPC),0,0,project-capacity-weighted largest-remainder estimate
2,Ram Ghat,Ujjain district,TRUE,50,0.138889,Kidnapping & Abduction of Women,c) Kidnapping for Ransom (Sec. 140(2) BNS/Sec. 364A IPC),0,0,project-capacity-weighted largest-remainder estimate
3,Kshipra Bridge,Ujjain district,TRUE,40,0.111111,Kidnapping & Abduction of Women,c) Kidnapping for Ransom (Sec. 140(2) BNS/Sec. 364A IPC),0,0,project-capacity-weighted largest-remainder estimate
4,Harsiddhi Mandir,Ujjain district,TRUE,80,0.222222,Kidnapping & Abduction of Women,c) Kidnapping for Ransom (Sec. 140(2) BNS/Sec. 364A IPC),0,0,project-capacity-weighted largest-remainder estimate
5,Bada Ganesh Mandir,Ujjain district,TRUE,30,0.083333,Kidnapping & Abduction of Women,c) Kidnapping for Ransom (Sec. 140(2) BNS/Sec. 364A IPC),0,0,project-capacity-weighted largest-remainder estimate
6,Kal Bhairav Mandir,Ujjain district,TRUE,60,0.166667,Kidnapping & Abduction of Women,c) Kidnapping for Ransom (Sec. 140(2) BNS/Sec. 364A IPC),0,0,project-capacity-weighted largest-remainder estimate
1,Mahakaleshwar Mandir,Ujjain district,TRUE,100,0.277778,Kidnapping & Abduction of Women,d) Importation of Girls from Foreign Country (Sec. 141 BNS/Sec. 366-B IPC),0,0,project-capacity-weighted largest-remainder estimate
2,Ram Ghat,Ujjain district,TRUE,50,0.138889,Kidnapping & Abduction of Women,d) Importation of Girls from Foreign Country (Sec. 141 BNS/Sec. 366-B IPC),0,0,project-capacity-weighted largest-remainder estimate
3,Kshipra Bridge,Ujjain district,TRUE,40,0.111111,Kidnapping & Abduction of Women,d) Importation of Girls from Foreign Country (Sec. 141 BNS/Sec. 366-B IPC),0,0,project-capacity-weighted largest-remainder estimate
4,Harsiddhi Mandir,Ujjain district,TRUE,80,0.222222,Kidnapping & Abduction of Women,d) Importation of Girls from Foreign Country (Sec. 141 BNS/Sec. 366-B IPC),0,0,project-capacity-weighted largest-remainder estimate
5,Bada Ganesh Mandir,Ujjain district,TRUE,30,0.083333,Kidnapping & Abduction of Women,d) Importation of Girls from Foreign Country (Sec. 141 BNS/Sec. 366-B IPC),0,0,project-capacity-weighted largest-remainder estimate
6,Kal Bhairav Mandir,Ujjain district,TRUE,60,0.166667,Kidnapping & Abduction of Women,d) Importation of Girls from Foreign Country (Sec. 141 BNS/Sec. 366-B IPC),0,0,project-capacity-weighted largest-remainder estimate
1,Mahakaleshwar Mandir,Ujjain district,TRUE,100,0.277778,Kidnapping & Abduction of Women,"e) K&A of Women – Others (Sec. 140(3), 140(4),142 BNS/Sec. 365, 367-368 IPC)",1,1,project-capacity-weighted largest-remainder estimate
2,Ram Ghat,Ujjain district,TRUE,50,0.138889,Kidnapping & Abduction of Women,"e) K&A of Women – Others (Sec. 140(3), 140(4),142 BNS/Sec. 365, 367-368 IPC)",1,0,project-capacity-weighted largest-remainder estimate
3,Kshipra Bridge,Ujjain district,TRUE,40,0.111111,Kidnapping & Abduction of Women,"e) K&A of Women – Others (Sec. 140(3), 140(4),142 BNS/Sec. 365, 367-368 IPC)",1,0,project-capacity-weighted largest-remainder estimate
4,Harsiddhi Mandir,Ujjain district,TRUE,80,0.222222,Kidnapping & Abduction of Women,"e) K&A of Women – Others (Sec. 140(3), 140(4),142 BNS/Sec. 365, 367-368 IPC)",1,0,project-capacity-weighted largest-remainder estimate
5,Bada Ganesh Mandir,Ujjain district,TRUE,30,0.083333,Kidnapping & Abduction of Women,"e) K&A of Women – Others (Sec. 140(3), 140(4),142 BNS/Sec. 365, 367-368 IPC)",1,0,project-capacity-weighted largest-remainder estimate
6,Kal Bhairav Mandir,Ujjain district,TRUE,60,0.166667,Kidnapping & Abduction of Women,"e) K&A of Women – Others (Sec. 140(3), 140(4),142 BNS/Sec. 365, 367-368 IPC)",1,0,project-capacity-weighted largest-remainder estimate
1,Mahakaleshwar Mandir,Ujjain district,TRUE,100,0.277778,Total IPC/BNS Crimes against Women,Total IPC/BNS Crimes against Women,748,208,project-capacity-weighted largest-remainder estimate
2,Ram Ghat,Ujjain district,TRUE,50,0.138889,Total IPC/BNS Crimes against Women,Total IPC/BNS Crimes against Women,748,104,project-capacity-weighted largest-remainder estimate
3,Kshipra Bridge,Ujjain district,TRUE,40,0.111111,Total IPC/BNS Crimes against Women,Total IPC/BNS Crimes against Women,748,83,project-capacity-weighted largest-remainder estimate
4,Harsiddhi Mandir,Ujjain district,TRUE,80,0.222222,Total IPC/BNS Crimes against Women,Total IPC/BNS Crimes against Women,748,166,project-capacity-weighted largest-remainder estimate
5,Bada Ganesh Mandir,Ujjain district,TRUE,30,0.083333,Total IPC/BNS Crimes against Women,Total IPC/BNS Crimes against Women,748,62,project-capacity-weighted largest-remainder estimate
6,Kal Bhairav Mandir,Ujjain district,TRUE,60,0.166667,Total IPC/BNS Crimes against Women,Total IPC/BNS Crimes against Women,748,125,project-capacity-weighted largest-remainder estimate
1,Mahakaleshwar Mandir,Ujjain district,TRUE,100,0.277778,"Dowry Prohibition Act, 1961","Dowry Prohibition Act, 1961",0,0,project-capacity-weighted largest-remainder estimate
2,Ram Ghat,Ujjain district,TRUE,50,0.138889,"Dowry Prohibition Act, 1961","Dowry Prohibition Act, 1961",0,0,project-capacity-weighted largest-remainder estimate
3,Kshipra Bridge,Ujjain district,TRUE,40,0.111111,"Dowry Prohibition Act, 1961","Dowry Prohibition Act, 1961",0,0,project-capacity-weighted largest-remainder estimate
4,Harsiddhi Mandir,Ujjain district,TRUE,80,0.222222,"Dowry Prohibition Act, 1961","Dowry Prohibition Act, 1961",0,0,project-capacity-weighted largest-remainder estimate
5,Bada Ganesh Mandir,Ujjain district,TRUE,30,0.083333,"Dowry Prohibition Act, 1961","Dowry Prohibition Act, 1961",0,0,project-capacity-weighted largest-remainder estimate
6,Kal Bhairav Mandir,Ujjain district,TRUE,60,0.166667,"Dowry Prohibition Act, 1961","Dowry Prohibition Act, 1961",0,0,project-capacity-weighted largest-remainder estimate
1,Mahakaleshwar Mandir,Ujjain district,TRUE,100,0.277778,Immoral Traffic (Prevention) Act 1956 (Women Victim Cases only),Immoral Traffic (Prevention) Act (Total a+b+c+d+e),3,1,project-capacity-weighted largest-remainder estimate
2,Ram Ghat,Ujjain district,TRUE,50,0.138889,Immoral Traffic (Prevention) Act 1956 (Women Victim Cases only),Immoral Traffic (Prevention) Act (Total a+b+c+d+e),3,0,project-capacity-weighted largest-remainder estimate
3,Kshipra Bridge,Ujjain district,TRUE,40,0.111111,Immoral Traffic (Prevention) Act 1956 (Women Victim Cases only),Immoral Traffic (Prevention) Act (Total a+b+c+d+e),3,0,project-capacity-weighted largest-remainder estimate
4,Harsiddhi Mandir,Ujjain district,TRUE,80,0.222222,Immoral Traffic (Prevention) Act 1956 (Women Victim Cases only),Immoral Traffic (Prevention) Act (Total a+b+c+d+e),3,1,project-capacity-weighted largest-remainder estimate
5,Bada Ganesh Mandir,Ujjain district,TRUE,30,0.083333,Immoral Traffic (Prevention) Act 1956 (Women Victim Cases only),Immoral Traffic (Prevention) Act (Total a+b+c+d+e),3,0,project-capacity-weighted largest-remainder estimate
6,Kal Bhairav Mandir,Ujjain district,TRUE,60,0.166667,Immoral Traffic (Prevention) Act 1956 (Women Victim Cases only),Immoral Traffic (Prevention) Act (Total a+b+c+d+e),3,1,project-capacity-weighted largest-remainder estimate
1,Mahakaleshwar Mandir,Ujjain district,TRUE,100,0.277778,Immoral Traffic (Prevention) Act 1956 (Women Victim Cases only),"a) Procuring, inducing Children for the sake of prostitution (Sec. 5)",1,1,project-capacity-weighted largest-remainder estimate
2,Ram Ghat,Ujjain district,TRUE,50,0.138889,Immoral Traffic (Prevention) Act 1956 (Women Victim Cases only),"a) Procuring, inducing Children for the sake of prostitution (Sec. 5)",1,0,project-capacity-weighted largest-remainder estimate
3,Kshipra Bridge,Ujjain district,TRUE,40,0.111111,Immoral Traffic (Prevention) Act 1956 (Women Victim Cases only),"a) Procuring, inducing Children for the sake of prostitution (Sec. 5)",1,0,project-capacity-weighted largest-remainder estimate
4,Harsiddhi Mandir,Ujjain district,TRUE,80,0.222222,Immoral Traffic (Prevention) Act 1956 (Women Victim Cases only),"a) Procuring, inducing Children for the sake of prostitution (Sec. 5)",1,0,project-capacity-weighted largest-remainder estimate
5,Bada Ganesh Mandir,Ujjain district,TRUE,30,0.083333,Immoral Traffic (Prevention) Act 1956 (Women Victim Cases only),"a) Procuring, inducing Children for the sake of prostitution (Sec. 5)",1,0,project-capacity-weighted largest-remainder estimate
6,Kal Bhairav Mandir,Ujjain district,TRUE,60,0.166667,Immoral Traffic (Prevention) Act 1956 (Women Victim Cases only),"a) Procuring, inducing Children for the sake of prostitution (Sec. 5)",1,0,project-capacity-weighted largest-remainder estimate
1,Mahakaleshwar Mandir,Ujjain district,TRUE,100,0.277778,Immoral Traffic (Prevention) Act 1956 (Women Victim Cases only),b) Detaining a person in premises where prostitution is carried on(Sec. 6),0,0,project-capacity-weighted largest-remainder estimate
2,Ram Ghat,Ujjain district,TRUE,50,0.138889,Immoral Traffic (Prevention) Act 1956 (Women Victim Cases only),b) Detaining a person in premises where prostitution is carried on(Sec. 6),0,0,project-capacity-weighted largest-remainder estimate
3,Kshipra Bridge,Ujjain district,TRUE,40,0.111111,Immoral Traffic (Prevention) Act 1956 (Women Victim Cases only),b) Detaining a person in premises where prostitution is carried on(Sec. 6),0,0,project-capacity-weighted largest-remainder estimate
4,Harsiddhi Mandir,Ujjain district,TRUE,80,0.222222,Immoral Traffic (Prevention) Act 1956 (Women Victim Cases only),b) Detaining a person in premises where prostitution is carried on(Sec. 6),0,0,project-capacity-weighted largest-remainder estimate
5,Bada Ganesh Mandir,Ujjain district,TRUE,30,0.083333,Immoral Traffic (Prevention) Act 1956 (Women Victim Cases only),b) Detaining a person in premises where prostitution is carried on(Sec. 6),0,0,project-capacity-weighted largest-remainder estimate
6,Kal Bhairav Mandir,Ujjain district,TRUE,60,0.166667,Immoral Traffic (Prevention) Act 1956 (Women Victim Cases only),b) Detaining a person in premises where prostitution is carried on(Sec. 6),0,0,project-capacity-weighted largest-remainder estimate
1,Mahakaleshwar Mandir,Ujjain district,TRUE,100,0.277778,Immoral Traffic (Prevention) Act 1956 (Women Victim Cases only),c) Prostitution in or in the vicinity of public places (Sec. 7),2,1,project-capacity-weighted largest-remainder estimate
2,Ram Ghat,Ujjain district,TRUE,50,0.138889,Immoral Traffic (Prevention) Act 1956 (Women Victim Cases only),c) Prostitution in or in the vicinity of public places (Sec. 7),2,0,project-capacity-weighted largest-remainder estimate
3,Kshipra Bridge,Ujjain district,TRUE,40,0.111111,Immoral Traffic (Prevention) Act 1956 (Women Victim Cases only),c) Prostitution in or in the vicinity of public places (Sec. 7),2,0,project-capacity-weighted largest-remainder estimate
4,Harsiddhi Mandir,Ujjain district,TRUE,80,0.222222,Immoral Traffic (Prevention) Act 1956 (Women Victim Cases only),c) Prostitution in or in the vicinity of public places (Sec. 7),2,1,project-capacity-weighted largest-remainder estimate
5,Bada Ganesh Mandir,Ujjain district,TRUE,30,0.083333,Immoral Traffic (Prevention) Act 1956 (Women Victim Cases only),c) Prostitution in or in the vicinity of public places (Sec. 7),2,0,project-capacity-weighted largest-remainder estimate
6,Kal Bhairav Mandir,Ujjain district,TRUE,60,0.166667,Immoral Traffic (Prevention) Act 1956 (Women Victim Cases only),c) Prostitution in or in the vicinity of public places (Sec. 7),2,0,project-capacity-weighted largest-remainder estimate
1,Mahakaleshwar Mandir,Ujjain district,TRUE,100,0.277778,Immoral Traffic (Prevention) Act 1956 (Women Victim Cases only),d) Seducing or soliciting for purpose of prostitution (Sec. 8),0,0,project-capacity-weighted largest-remainder estimate
2,Ram Ghat,Ujjain district,TRUE,50,0.138889,Immoral Traffic (Prevention) Act 1956 (Women Victim Cases only),d) Seducing or soliciting for purpose of prostitution (Sec. 8),0,0,project-capacity-weighted largest-remainder estimate
3,Kshipra Bridge,Ujjain district,TRUE,40,0.111111,Immoral Traffic (Prevention) Act 1956 (Women Victim Cases only),d) Seducing or soliciting for purpose of prostitution (Sec. 8),0,0,project-capacity-weighted largest-remainder estimate
4,Harsiddhi Mandir,Ujjain district,TRUE,80,0.222222,Immoral Traffic (Prevention) Act 1956 (Women Victim Cases only),d) Seducing or soliciting for purpose of prostitution (Sec. 8),0,0,project-capacity-weighted largest-remainder estimate
5,Bada Ganesh Mandir,Ujjain district,TRUE,30,0.083333,Immoral Traffic (Prevention) Act 1956 (Women Victim Cases only),d) Seducing or soliciting for purpose of prostitution (Sec. 8),0,0,project-capacity-weighted largest-remainder estimate
6,Kal Bhairav Mandir,Ujjain district,TRUE,60,0.166667,Immoral Traffic (Prevention) Act 1956 (Women Victim Cases only),d) Seducing or soliciting for purpose of prostitution (Sec. 8),0,0,project-capacity-weighted largest-remainder estimate
1,Mahakaleshwar Mandir,Ujjain district,TRUE,100,0.277778,Immoral Traffic (Prevention) Act 1956 (Women Victim Cases only),e) Other Sections under ITP Act,0,0,project-capacity-weighted largest-remainder estimate
2,Ram Ghat,Ujjain district,TRUE,50,0.138889,Immoral Traffic (Prevention) Act 1956 (Women Victim Cases only),e) Other Sections under ITP Act,0,0,project-capacity-weighted largest-remainder estimate
3,Kshipra Bridge,Ujjain district,TRUE,40,0.111111,Immoral Traffic (Prevention) Act 1956 (Women Victim Cases only),e) Other Sections under ITP Act,0,0,project-capacity-weighted largest-remainder estimate
4,Harsiddhi Mandir,Ujjain district,TRUE,80,0.222222,Immoral Traffic (Prevention) Act 1956 (Women Victim Cases only),e) Other Sections under ITP Act,0,0,project-capacity-weighted largest-remainder estimate
5,Bada Ganesh Mandir,Ujjain district,TRUE,30,0.083333,Immoral Traffic (Prevention) Act 1956 (Women Victim Cases only),e) Other Sections under ITP Act,0,0,project-capacity-weighted largest-remainder estimate
6,Kal Bhairav Mandir,Ujjain district,TRUE,60,0.166667,Immoral Traffic (Prevention) Act 1956 (Women Victim Cases only),e) Other Sections under ITP Act,0,0,project-capacity-weighted largest-remainder estimate
1,Mahakaleshwar Mandir,Ujjain district,TRUE,100,0.277778,"Protection of Women from Domestic Violence Act, 2005","Protection of Women from Domestic Violence Act, 2005",0,0,project-capacity-weighted largest-remainder estimate
2,Ram Ghat,Ujjain district,TRUE,50,0.138889,"Protection of Women from Domestic Violence Act, 2005","Protection of Women from Domestic Violence Act, 2005",0,0,project-capacity-weighted largest-remainder estimate
3,Kshipra Bridge,Ujjain district,TRUE,40,0.111111,"Protection of Women from Domestic Violence Act, 2005","Protection of Women from Domestic Violence Act, 2005",0,0,project-capacity-weighted largest-remainder estimate
4,Harsiddhi Mandir,Ujjain district,TRUE,80,0.222222,"Protection of Women from Domestic Violence Act, 2005","Protection of Women from Domestic Violence Act, 2005",0,0,project-capacity-weighted largest-remainder estimate
5,Bada Ganesh Mandir,Ujjain district,TRUE,30,0.083333,"Protection of Women from Domestic Violence Act, 2005","Protection of Women from Domestic Violence Act, 2005",0,0,project-capacity-weighted largest-remainder estimate
6,Kal Bhairav Mandir,Ujjain district,TRUE,60,0.166667,"Protection of Women from Domestic Violence Act, 2005","Protection of Women from Domestic Violence Act, 2005",0,0,project-capacity-weighted largest-remainder estimate
1,Mahakaleshwar Mandir,Ujjain district,TRUE,100,0.277778,Cyber Crimes/Information Technology Act (Women Centric Crimes Only),Cyber Crimes/Information Technology Act (Total a+b),0,0,project-capacity-weighted largest-remainder estimate
2,Ram Ghat,Ujjain district,TRUE,50,0.138889,Cyber Crimes/Information Technology Act (Women Centric Crimes Only),Cyber Crimes/Information Technology Act (Total a+b),0,0,project-capacity-weighted largest-remainder estimate
3,Kshipra Bridge,Ujjain district,TRUE,40,0.111111,Cyber Crimes/Information Technology Act (Women Centric Crimes Only),Cyber Crimes/Information Technology Act (Total a+b),0,0,project-capacity-weighted largest-remainder estimate
4,Harsiddhi Mandir,Ujjain district,TRUE,80,0.222222,Cyber Crimes/Information Technology Act (Women Centric Crimes Only),Cyber Crimes/Information Technology Act (Total a+b),0,0,project-capacity-weighted largest-remainder estimate
5,Bada Ganesh Mandir,Ujjain district,TRUE,30,0.083333,Cyber Crimes/Information Technology Act (Women Centric Crimes Only),Cyber Crimes/Information Technology Act (Total a+b),0,0,project-capacity-weighted largest-remainder estimate
6,Kal Bhairav Mandir,Ujjain district,TRUE,60,0.166667,Cyber Crimes/Information Technology Act (Women Centric Crimes Only),Cyber Crimes/Information Technology Act (Total a+b),0,0,project-capacity-weighted largest-remainder estimate
1,Mahakaleshwar Mandir,Ujjain district,TRUE,100,0.277778,Cyber Crimes/Information Technology Act (Women Centric Crimes Only),a) Publishing or Transmitting of Sexually Explicit Material (Sec 67A/67B(Girls) IT Act),0,0,project-capacity-weighted largest-remainder estimate
2,Ram Ghat,Ujjain district,TRUE,50,0.138889,Cyber Crimes/Information Technology Act (Women Centric Crimes Only),a) Publishing or Transmitting of Sexually Explicit Material (Sec 67A/67B(Girls) IT Act),0,0,project-capacity-weighted largest-remainder estimate
3,Kshipra Bridge,Ujjain district,TRUE,40,0.111111,Cyber Crimes/Information Technology Act (Women Centric Crimes Only),a) Publishing or Transmitting of Sexually Explicit Material (Sec 67A/67B(Girls) IT Act),0,0,project-capacity-weighted largest-remainder estimate
4,Harsiddhi Mandir,Ujjain district,TRUE,80,0.222222,Cyber Crimes/Information Technology Act (Women Centric Crimes Only),a) Publishing or Transmitting of Sexually Explicit Material (Sec 67A/67B(Girls) IT Act),0,0,project-capacity-weighted largest-remainder estimate
5,Bada Ganesh Mandir,Ujjain district,TRUE,30,0.083333,Cyber Crimes/Information Technology Act (Women Centric Crimes Only),a) Publishing or Transmitting of Sexually Explicit Material (Sec 67A/67B(Girls) IT Act),0,0,project-capacity-weighted largest-remainder estimate
6,Kal Bhairav Mandir,Ujjain district,TRUE,60,0.166667,Cyber Crimes/Information Technology Act (Women Centric Crimes Only),a) Publishing or Transmitting of Sexually Explicit Material (Sec 67A/67B(Girls) IT Act),0,0,project-capacity-weighted largest-remainder estimate
1,Mahakaleshwar Mandir,Ujjain district,TRUE,100,0.277778,Cyber Crimes/Information Technology Act (Women Centric Crimes Only),b) Other Women Centric Cyber Crimes (ex: Blackmailing/Defamation/Morphing/Fake Profile),0,0,project-capacity-weighted largest-remainder estimate
2,Ram Ghat,Ujjain district,TRUE,50,0.138889,Cyber Crimes/Information Technology Act (Women Centric Crimes Only),b) Other Women Centric Cyber Crimes (ex: Blackmailing/Defamation/Morphing/Fake Profile),0,0,project-capacity-weighted largest-remainder estimate
3,Kshipra Bridge,Ujjain district,TRUE,40,0.111111,Cyber Crimes/Information Technology Act (Women Centric Crimes Only),b) Other Women Centric Cyber Crimes (ex: Blackmailing/Defamation/Morphing/Fake Profile),0,0,project-capacity-weighted largest-remainder estimate
4,Harsiddhi Mandir,Ujjain district,TRUE,80,0.222222,Cyber Crimes/Information Technology Act (Women Centric Crimes Only),b) Other Women Centric Cyber Crimes (ex: Blackmailing/Defamation/Morphing/Fake Profile),0,0,project-capacity-weighted largest-remainder estimate
5,Bada Ganesh Mandir,Ujjain district,TRUE,30,0.083333,Cyber Crimes/Information Technology Act (Women Centric Crimes Only),b) Other Women Centric Cyber Crimes (ex: Blackmailing/Defamation/Morphing/Fake Profile),0,0,project-capacity-weighted largest-remainder estimate
6,Kal Bhairav Mandir,Ujjain district,TRUE,60,0.166667,Cyber Crimes/Information Technology Act (Women Centric Crimes Only),b) Other Women Centric Cyber Crimes (ex: Blackmailing/Defamation/Morphing/Fake Profile),0,0,project-capacity-weighted largest-remainder estimate
1,Mahakaleshwar Mandir,Ujjain district,TRUE,100,0.277778,Protection of Children from Sexual Violence Act (Girl Child Victims Only),POCSO Act (Total a+b+c+d+e),129,36,project-capacity-weighted largest-remainder estimate
2,Ram Ghat,Ujjain district,TRUE,50,0.138889,Protection of Children from Sexual Violence Act (Girl Child Victims Only),POCSO Act (Total a+b+c+d+e),129,18,project-capacity-weighted largest-remainder estimate
3,Kshipra Bridge,Ujjain district,TRUE,40,0.111111,Protection of Children from Sexual Violence Act (Girl Child Victims Only),POCSO Act (Total a+b+c+d+e),129,14,project-capacity-weighted largest-remainder estimate
4,Harsiddhi Mandir,Ujjain district,TRUE,80,0.222222,Protection of Children from Sexual Violence Act (Girl Child Victims Only),POCSO Act (Total a+b+c+d+e),129,29,project-capacity-weighted largest-remainder estimate
5,Bada Ganesh Mandir,Ujjain district,TRUE,30,0.083333,Protection of Children from Sexual Violence Act (Girl Child Victims Only),POCSO Act (Total a+b+c+d+e),129,11,project-capacity-weighted largest-remainder estimate
6,Kal Bhairav Mandir,Ujjain district,TRUE,60,0.166667,Protection of Children from Sexual Violence Act (Girl Child Victims Only),POCSO Act (Total a+b+c+d+e),129,21,project-capacity-weighted largest-remainder estimate
1,Mahakaleshwar Mandir,Ujjain district,TRUE,100,0.277778,Protection of Children from Sexual Violence Act (Girl Child Victims Only),a) POCSO Act Sec. 4 & 6,102,28,project-capacity-weighted largest-remainder estimate
2,Ram Ghat,Ujjain district,TRUE,50,0.138889,Protection of Children from Sexual Violence Act (Girl Child Victims Only),a) POCSO Act Sec. 4 & 6,102,14,project-capacity-weighted largest-remainder estimate
3,Kshipra Bridge,Ujjain district,TRUE,40,0.111111,Protection of Children from Sexual Violence Act (Girl Child Victims Only),a) POCSO Act Sec. 4 & 6,102,11,project-capacity-weighted largest-remainder estimate
4,Harsiddhi Mandir,Ujjain district,TRUE,80,0.222222,Protection of Children from Sexual Violence Act (Girl Child Victims Only),a) POCSO Act Sec. 4 & 6,102,23,project-capacity-weighted largest-remainder estimate
5,Bada Ganesh Mandir,Ujjain district,TRUE,30,0.083333,Protection of Children from Sexual Violence Act (Girl Child Victims Only),a) POCSO Act Sec. 4 & 6,102,9,project-capacity-weighted largest-remainder estimate
6,Kal Bhairav Mandir,Ujjain district,TRUE,60,0.166667,Protection of Children from Sexual Violence Act (Girl Child Victims Only),a) POCSO Act Sec. 4 & 6,102,17,project-capacity-weighted largest-remainder estimate
1,Mahakaleshwar Mandir,Ujjain district,TRUE,100,0.277778,Protection of Children from Sexual Violence Act (Girl Child Victims Only),b) POCSO Act Sec. 8 & 10,4,1,project-capacity-weighted largest-remainder estimate
2,Ram Ghat,Ujjain district,TRUE,50,0.138889,Protection of Children from Sexual Violence Act (Girl Child Victims Only),b) POCSO Act Sec. 8 & 10,4,1,project-capacity-weighted largest-remainder estimate
3,Kshipra Bridge,Ujjain district,TRUE,40,0.111111,Protection of Children from Sexual Violence Act (Girl Child Victims Only),b) POCSO Act Sec. 8 & 10,4,0,project-capacity-weighted largest-remainder estimate
4,Harsiddhi Mandir,Ujjain district,TRUE,80,0.222222,Protection of Children from Sexual Violence Act (Girl Child Victims Only),b) POCSO Act Sec. 8 & 10,4,1,project-capacity-weighted largest-remainder estimate
5,Bada Ganesh Mandir,Ujjain district,TRUE,30,0.083333,Protection of Children from Sexual Violence Act (Girl Child Victims Only),b) POCSO Act Sec. 8 & 10,4,0,project-capacity-weighted largest-remainder estimate
6,Kal Bhairav Mandir,Ujjain district,TRUE,60,0.166667,Protection of Children from Sexual Violence Act (Girl Child Victims Only),b) POCSO Act Sec. 8 & 10,4,1,project-capacity-weighted largest-remainder estimate
1,Mahakaleshwar Mandir,Ujjain district,TRUE,100,0.277778,Protection of Children from Sexual Violence Act (Girl Child Victims Only),c) POCSO Act Sec. 12,23,6,project-capacity-weighted largest-remainder estimate
2,Ram Ghat,Ujjain district,TRUE,50,0.138889,Protection of Children from Sexual Violence Act (Girl Child Victims Only),c) POCSO Act Sec. 12,23,3,project-capacity-weighted largest-remainder estimate
3,Kshipra Bridge,Ujjain district,TRUE,40,0.111111,Protection of Children from Sexual Violence Act (Girl Child Victims Only),c) POCSO Act Sec. 12,23,3,project-capacity-weighted largest-remainder estimate
4,Harsiddhi Mandir,Ujjain district,TRUE,80,0.222222,Protection of Children from Sexual Violence Act (Girl Child Victims Only),c) POCSO Act Sec. 12,23,5,project-capacity-weighted largest-remainder estimate
5,Bada Ganesh Mandir,Ujjain district,TRUE,30,0.083333,Protection of Children from Sexual Violence Act (Girl Child Victims Only),c) POCSO Act Sec. 12,23,2,project-capacity-weighted largest-remainder estimate
6,Kal Bhairav Mandir,Ujjain district,TRUE,60,0.166667,Protection of Children from Sexual Violence Act (Girl Child Victims Only),c) POCSO Act Sec. 12,23,4,project-capacity-weighted largest-remainder estimate
1,Mahakaleshwar Mandir,Ujjain district,TRUE,100,0.277778,Protection of Children from Sexual Violence Act (Girl Child Victims Only),d) POCSO Act Sec. 14 & 15,0,0,project-capacity-weighted largest-remainder estimate
2,Ram Ghat,Ujjain district,TRUE,50,0.138889,Protection of Children from Sexual Violence Act (Girl Child Victims Only),d) POCSO Act Sec. 14 & 15,0,0,project-capacity-weighted largest-remainder estimate
3,Kshipra Bridge,Ujjain district,TRUE,40,0.111111,Protection of Children from Sexual Violence Act (Girl Child Victims Only),d) POCSO Act Sec. 14 & 15,0,0,project-capacity-weighted largest-remainder estimate
4,Harsiddhi Mandir,Ujjain district,TRUE,80,0.222222,Protection of Children from Sexual Violence Act (Girl Child Victims Only),d) POCSO Act Sec. 14 & 15,0,0,project-capacity-weighted largest-remainder estimate
5,Bada Ganesh Mandir,Ujjain district,TRUE,30,0.083333,Protection of Children from Sexual Violence Act (Girl Child Victims Only),d) POCSO Act Sec. 14 & 15,0,0,project-capacity-weighted largest-remainder estimate
6,Kal Bhairav Mandir,Ujjain district,TRUE,60,0.166667,Protection of Children from Sexual Violence Act (Girl Child Victims Only),d) POCSO Act Sec. 14 & 15,0,0,project-capacity-weighted largest-remainder estimate
1,Mahakaleshwar Mandir,Ujjain district,TRUE,100,0.277778,Protection of Children from Sexual Violence Act (Girl Child Victims Only),e) POCSO Act Sec. 17-22,0,0,project-capacity-weighted largest-remainder estimate
2,Ram Ghat,Ujjain district,TRUE,50,0.138889,Protection of Children from Sexual Violence Act (Girl Child Victims Only),e) POCSO Act Sec. 17-22,0,0,project-capacity-weighted largest-remainder estimate
3,Kshipra Bridge,Ujjain district,TRUE,40,0.111111,Protection of Children from Sexual Violence Act (Girl Child Victims Only),e) POCSO Act Sec. 17-22,0,0,project-capacity-weighted largest-remainder estimate
4,Harsiddhi Mandir,Ujjain district,TRUE,80,0.222222,Protection of Children from Sexual Violence Act (Girl Child Victims Only),e) POCSO Act Sec. 17-22,0,0,project-capacity-weighted largest-remainder estimate
5,Bada Ganesh Mandir,Ujjain district,TRUE,30,0.083333,Protection of Children from Sexual Violence Act (Girl Child Victims Only),e) POCSO Act Sec. 17-22,0,0,project-capacity-weighted largest-remainder estimate
6,Kal Bhairav Mandir,Ujjain district,TRUE,60,0.166667,Protection of Children from Sexual Violence Act (Girl Child Victims Only),e) POCSO Act Sec. 17-22,0,0,project-capacity-weighted largest-remainder estimate
1,Mahakaleshwar Mandir,Ujjain district,TRUE,100,0.277778,"Indecent Representation of Women (Prohibition) Act, 1986","Indecent Representation of Women (Prohibition) Act, 1986",0,0,project-capacity-weighted largest-remainder estimate
2,Ram Ghat,Ujjain district,TRUE,50,0.138889,"Indecent Representation of Women (Prohibition) Act, 1986","Indecent Representation of Women (Prohibition) Act, 1986",0,0,project-capacity-weighted largest-remainder estimate
3,Kshipra Bridge,Ujjain district,TRUE,40,0.111111,"Indecent Representation of Women (Prohibition) Act, 1986","Indecent Representation of Women (Prohibition) Act, 1986",0,0,project-capacity-weighted largest-remainder estimate
4,Harsiddhi Mandir,Ujjain district,TRUE,80,0.222222,"Indecent Representation of Women (Prohibition) Act, 1986","Indecent Representation of Women (Prohibition) Act, 1986",0,0,project-capacity-weighted largest-remainder estimate
5,Bada Ganesh Mandir,Ujjain district,TRUE,30,0.083333,"Indecent Representation of Women (Prohibition) Act, 1986","Indecent Representation of Women (Prohibition) Act, 1986",0,0,project-capacity-weighted largest-remainder estimate
6,Kal Bhairav Mandir,Ujjain district,TRUE,60,0.166667,"Indecent Representation of Women (Prohibition) Act, 1986","Indecent Representation of Women (Prohibition) Act, 1986",0,0,project-capacity-weighted largest-remainder estimate
1,Mahakaleshwar Mandir,Ujjain district,TRUE,100,0.277778,Total SLL Crimes against Women,Total SLL Crimes against Women,132,37,project-capacity-weighted largest-remainder estimate
2,Ram Ghat,Ujjain district,TRUE,50,0.138889,Total SLL Crimes against Women,Total SLL Crimes against Women,132,18,project-capacity-weighted largest-remainder estimate
3,Kshipra Bridge,Ujjain district,TRUE,40,0.111111,Total SLL Crimes against Women,Total SLL Crimes against Women,132,15,project-capacity-weighted largest-remainder estimate
4,Harsiddhi Mandir,Ujjain district,TRUE,80,0.222222,Total SLL Crimes against Women,Total SLL Crimes against Women,132,29,project-capacity-weighted largest-remainder estimate
5,Bada Ganesh Mandir,Ujjain district,TRUE,30,0.083333,Total SLL Crimes against Women,Total SLL Crimes against Women,132,11,project-capacity-weighted largest-remainder estimate
6,Kal Bhairav Mandir,Ujjain district,TRUE,60,0.166667,Total SLL Crimes against Women,Total SLL Crimes against Women,132,22,project-capacity-weighted largest-remainder estimate
1,Mahakaleshwar Mandir,Ujjain district,TRUE,100,0.277778,Total Crime against Women (IPC/BNS + SLL Crimes),Total Crime against Women (IPC/BNS + SLL Crimes),880,244,project-capacity-weighted largest-remainder estimate
2,Ram Ghat,Ujjain district,TRUE,50,0.138889,Total Crime against Women (IPC/BNS + SLL Crimes),Total Crime against Women (IPC/BNS + SLL Crimes),880,122,project-capacity-weighted largest-remainder estimate
3,Kshipra Bridge,Ujjain district,TRUE,40,0.111111,Total Crime against Women (IPC/BNS + SLL Crimes),Total Crime against Women (IPC/BNS + SLL Crimes),880,98,project-capacity-weighted largest-remainder estimate
4,Harsiddhi Mandir,Ujjain district,TRUE,80,0.222222,Total Crime against Women (IPC/BNS + SLL Crimes),Total Crime against Women (IPC/BNS + SLL Crimes),880,196,project-capacity-weighted largest-remainder estimate
5,Bada Ganesh Mandir,Ujjain district,TRUE,30,0.083333,Total Crime against Women (IPC/BNS + SLL Crimes),Total Crime against Women (IPC/BNS + SLL Crimes),880,73,project-capacity-weighted largest-remainder estimate
6,Kal Bhairav Mandir,Ujjain district,TRUE,60,0.166667,Total Crime against Women (IPC/BNS + SLL Crimes),Total Crime against Women (IPC/BNS + SLL Crimes),880,147,project-capacity-weighted largest-remainder estimate
